Date,ADBE,ADS,AET,AIZ,ALB,ALGN,ALK,AMD,AMZN,ANDV,APA,ARNC,AYI,BA,BHF,BHGE,BIIB,CAH,CELG,CF,CMG,COG,COL,COTY,CTL,CTSH,CVS,DVN,DWDP,EA,EIX,EL,ETN,EVHC,EW,FCX,FE,FLR,FMC,GE,GILD,GIS,GOOGL,GPS,GT,GWW,HCA,HCP,HII,HPE,HRL,HRS,HSY,HUM,IDXX,ILMN,IPG,IPGP,ISRG,KIM,LB,LOW,M,MAT,MCHP,MLM,MON,MSI,MU,NEE,NEM,NFLX,NFX,NKTR,NRG,NVDA,OMC,PCG,PFG,PGR,PVH,QCOM,QRVO,RE,REGN,RHT,RL,RRC,RTN,SLB,SO,SRE,STT,STX,SYF,TGT,TPR,TRIP,TSCO,TTWO,TWX,TXN,UA,UAL,ULTA,UPS,VFC,VIAB,WFC,WU,WYNN,XEC,XYL
2017-12-26,,,,,,,,,,,,,,,,,,,,,,,,,,,,,,,,,,,,,,,,,,,,,,,,,,,,,,,,,,,,,,,,,,,,,,,,,,,,,,,,,,,,,,,,,,,,,,,,,,,,,,,,,,,,,,,,,
2017-12-27,,,,,,,,,,,,,,,,,,,,,,,,,,,,,,,,,,,,,,,,,,,,,,,,,,,,,,,,,,,,,,,,,,,,,,,,,,,,,,,,,,,,,,,,,,,,,,,,,,,,,,,,,,,,,,,,,
2017-12-28,,,,,,,,,,,,,,,,,,,,,,,,,,,,,,,,,,,,,,,,,,,,,,,,,,,,,,,,,,,,,,,,,,,,,,,,,,,,,,,,,,,,,,,,,,,,,,,,,,,,,,,,,,,,,,,,,
2017-12-29,,,,,,,,,,,,,,,,,,,,,,,,,,,,,,,,,,,,,,,,,,,,,,,,,,,,,,,,,,,,,,,,,,,,,,,,,,,,,,,,,,,,,,,,,,,,,,,,,,,,,,,,,,,,,,,,,
2018-01-02,,,,,,,,,,,,,,,,,,,,,,,,,,,,,,,,,,,,,,,,,,,,,,,,,,,,,,,,,,,,,,,,,,,,,,,,,,,,,,,,,,,,,,,,,,,,,,,,,,,,,,,,,,,,,,,,,
2018-01-03,,,,,,,,,,,,,,,,,,,,,,,,,,,,,,,,,,0.028128835715142225,,,,,,,,,,,,,,,,,,,,,,0.011990565064737977,,,,,,,-0.019303095945376037,,,0.035373665279790176,,,,,,0.011006864046089207,,,,,,,,,,,,,,,,,,,,,,,,,,,,,,,-0.032225211184682606,,,,,,,,,,
2018-01-04,,,,,,,,,,,,,,,,,,,,,,,,,,,,,,,,,,0.028128835715142225,,,,,,,,,,,,,,,,,,,,,,0.011990565064737977,,,,,,,-0.019303095945376037,,,0.035373665279790176,,,,,,0.011006864046089207,,,,,,,,,,,,,,,,,,,,,,,,,,,,,,,-0.032225211184682606,,,,,,,,,,
2018-01-05,,,,,,,,,,,,,,,,,,,,,,,,,,,,,,,,,,0.028128835715142225,,,,,,,,,,,,,,,,,,,,,,0.011990565064737977,,,,,,,-0.019303095945376037,,,0.035373665279790176,,,,,,0.011006864046089207,,,,,,,,,,,,,,,,,,,,,,,,,,,,,,,-0.032225211184682606,,,,,,,,,,
2018-01-08,,,,,,,,,,,,,,,,,,,,,,,,,,,,,,,,,,0.028128835715142225,,,,,,,,,,,,,,,,,,,,,,0.011990565064737977,,,,,,,-0.019303095945376037,,,0.035373665279790176,,,,,,0.011006864046089207,,,,,,,,,,,,,,,,,,,,,,,,,,,,,,,-0.032225211184682606,,,,,,,,,,
2018-01-09,,,,,,,,,,,,,,,,,,,,,,,,,,,,,,,,,,0.028128835715142225,,,,,,,,,,,,,,,,,,,,,,0.011990565064737977,,,,,,,-0.019303095945376037,,,0.035373665279790176,,,,,,0.011006864046089207,,,,,,,,,,,,,,,,,,,,,,,,,,,,,,,-0.032225211184682606,,,,,,,,,,
2018-01-10,,0.049999999997786614,,,,,,,,,,,,,,,,,,,,,,,,,,,,0.04999999999621071,,,0.019291795896028332,,,0.03352372451068591,,,,0.028292723089118354,,,,-0.04999999999937583,,,,,,,,,,,,0.04999999999977526,,0.049999999999876206,0.0499999999999128,,-0.0499999999999621,,-0.04999999999698226,,,,,,,,,0.0499999999998973,,0.04217908602649268,,,,,,,,,,,-0.049999999962078955,,,,,0.049999999997812655,,,,0.026712670429961803,,,,,,0.04999999999773097,,,-0.04999999999964622,0.04999999999977264,,0.04999999999896499,,-0.049999999999603306,,0.049999999999800974,,,
2018-01-11,,0.049999999997786614,,,,,,,,,,,,,,,,,,,,,,,,,,,,0.04999999999621071,,,0.019291795896028332,,,0.03352372451068591,,,,0.028292723089118354,,,,-0.04999999999937583,,,,,,,,,,,,0.04999999999977526,,0.049999999999876206,0.0499999999999128,,-0.0499999999999621,,-0.04999999999698226,,,,,,,,,0.0499999999998973,,0.04217908602649268,,,,,,,,,,,-0.049999999962078955,,,,,0.049999999997812655,,,,0.026712670429961803,,,,,,0.04999999999773097,,,-0.04999999999964622,0.04999999999977264,,0.04999999999896499,,-0.049999999999603306,,0.049999999999800974,,,
2018-01-12,,0.049999999997786614,,,,,,,,,,,,,,,,,,,,,,,,,,,,0.04999999999621071,,,0.019291795896028332,,,0.03352372451068591,,,,0.028292723089118354,,,,-0.04999999999937583,,,,,,,,,,,,0.04999999999977526,,0.049999999999876206,0.0499999999999128,,-0.0499999999999621,,-0.04999999999698226,,,,,,,,,0.0499999999998973,,0.04217908602649268,,,,,,,,,,,-0.049999999962078955,,,,,0.049999999997812655,,,,0.026712670429961803,,,,,,0.04999999999773097,,,-0.04999999999964622,0.04999999999977264,,0.04999999999896499,,-0.049999999999603306,,0.049999999999800974,,,
2018-01-16,,0.049999999997786614,,,,,,,,,,,,,,,,,,,,,,,,,,,,0.04999999999621071,,,0.019291795896028332,,,0.03352372451068591,,,,0.028292723089118354,,,,-0.04999999999937583,,,,,,,,,,,,0.04999999999977526,,0.049999999999876206,0.0499999999999128,,-0.0499999999999621,,-0.04999999999698226,,,,,,,,,0.0499999999998973,,0.04217908602649268,,,,,,,,,,,-0.049999999962078955,,,,,0.049999999997812655,,,,0.026712670429961803,,,,,,0.04999999999773097,,,-0.04999999999964622,0.04999999999977264,,0.04999999999896499,,-0.049999999999603306,,0.049999999999800974,,,
2018-01-17,,,,,,0.049999999999202245,,,,,,,,0.04999999999940677,,,,,-0.04999999999502482,-0.025262755496242396,,,,,,,,,,,,,,,,,,0.028606072100521882,,,,,,,,,,-0.01492554819251814,,,,,-0.04999999999708232,0.04999999999705951,0.04999999993376157,0.049999999995796636,,0.04999999999954332,0.04999999999948568,,-0.04999999999989938,,-0.04999999999798141,,,,,,,,,0.0499999999996085,,,,,,,,,,,,,,,,,,0.02328171811557305,,,,0.049999999999514856,,0.049999999998592816,,,,,,0.03531038424941783,-0.049999999999844454,0.049999999999453884,,0.04999999999376907,,,,,,,
2018-01-18,,,,,,0.049999999999202245,,,,,,,,0.04999999999940677,,,,,-0.04999999999502482,-0.025262755496242396,,,,,,,,,,,,,,,,,,0.028606072100521882,,,,,,,,,,-0.01492554819251814,,,,,-0.04999999999708232,0.04999999999705951,0.04999999993376157,0.049999999995796636,,0.04999999999954332,0.04999999999948568,,-0.04999999999989938,,-0.04999999999798141,,,,,,,,,0.0499999999996085,,,,,,,,,,,,,,,,,,0.02328171811557305,,,,0.049999999999514856,,0.049999999998592816,,,,,,0.03531038424941783,-0.049999999999844454,0.049999999999453884,,0.04999999999376907,,,,,,,
2018-01-19,,,,,,0.049999999999202245,,,,,,,,0.04999999999940677,,,,,-0.04999999999502482,-0.025262755496242396,,,,,,,,,,,,,,,,,,0.028606072100521882,,,,,,,,,,-0.01492554819251814,,,,,-0.04999999999708232,0.04999999999705951,0.04999999993376157,0.049999999995796636,,0.04999999999954332,0.04999999999948568,,-0.04999999999989938,,-0.04999999999798141,,,,,,,,,0.0499999999996085,,,,,,,,,,,,,,,,,,0.02328171811557305,,,,0.049999999999514856,,0.049999999998592816,,,,,,0.03531038424941783,-0.049999999999844454,0.049999999999453884,,0.04999999999376907,,,,,,,
2018-01-22,,,,,,0.049999999999202245,,,,,,,,0.04999999999940677,,,,,-0.04999999999502482,-0.025262755496242396,,,,,,,,,,,,,,,,,,0.028606072100521882,,,,,,,,,,-0.01492554819251814,,,,,-0.04999999999708232,0.04999999999705951,0.04999999993376157,0.049999999995796636,,0.04999999999954332,0.04999999999948568,,-0.04999999999989938,,-0.04999999999798141,,,,,,,,,0.0499999999996085,,,,,,,,,,,,,,,,,,0.02328171811557305,,,,0.049999999999514856,,0.049999999998592816,,,,,,0.03531038424941783,-0.049999999999844454,0.049999999999453884,,0.04999999999376907,,,,,,,
2018-01-23,,,,,,0.049999999999202245,,,,,,,,0.04999999999940677,,,,,-0.04999999999502482,-0.025262755496242396,,,,,,,,,,,,,,,,,,0.028606072100521882,,,,,,,,,,-0.01492554819251814,,,,,-0.04999999999708232,0.04999999999705951,0.04999999993376157,0.049999999995796636,,0.04999999999954332,0.04999999999948568,,-0.04999999999989938,,-0.04999999999798141,,,,,,,,,0.0499999999996085,,,,,,,,,,,,,,,,,,0.02328171811557305,,,,0.049999999999514856,,0.049999999998592816,,,,,,0.03531038424941783,-0.049999999999844454,0.049999999999453884,,0.04999999999376907,,,,,,,
2018-01-24,,,,,-0.04999999999992889,0.04999999999969787,-0.04999999999993883,0.049999999999609725,,,,,,,,,,,,,,,,,,,,,,,,,,,,,,0.04999999999972331,,,,,,,,0.025602557700484658,,,,,-0.04999999997446599,,,0.04999999999780369,,,,0.04999999999984786,0.049999999999925084,,-0.04999999999987813,0.04999999999937257,,,,,,,,,,0.04999999999998988,,0.021844870484123657,,0.02796527529571526,,,,,,,,,,,0.03598076807786372,,,,-0.04999999999956296,,0.04999999999904785,0.04999999999993415,,0.020572243736709673,,,,,,,-0.0465484218962529,,,,,,,,0.04999999999965236,,
2018-01-25,,,,,-0.04999999999992889,0.04999999999969787,-0.04999999999993883,0.049999999999609725,,,,,,,,,,,,,,,,,,,,,,,,,,,,,,0.04999999999972331,,,,,,,,0.025602557700484658,,,,,-0.04999999997446599,,,0.04999999999780369,,,,0.04999999999984786,0.049999999999925084,,-0.04999999999987813,0.04999999999937257,,,,,,,,,,0.04999999999998988,,0.021844870484123657,,0.02796527529571526,,,,,,,,,,,0.03598076807786372,,,,-0.04999999999956296,,0.04999999999904785,0.04999999999993415,,0.020572243736709673,,,,,,,-0.0465484218962529,,,,,,,,0.04999999999965236,,
2018-01-26,,,,,-0.04999999999992889,0.04999999999969787,-0.04999999999993883,0.049999999999609725,,,,,,,,,,,,,,,,,,,,,,,,,,,,,,0.04999999999972331,,,,,,,,0.025602557700484658,,,,,-0.04999999997446599,,,0.04999999999780369,,,,0.04999999999984786,0.049999999999925084,,-0.04999999999987813,0.04999999999937257,,,,,,,,,,0.04999999999998988,,0.021844870484123657,,0.02796527529571526,,,,,,,,,,,0.03598076807786372,,,,-0.04999999999956296,,0.04999999999904785,0.04999999999993415,,0.020572243736709673,,,,,,,-0.0465484218962529,,,,,,,,0.04999999999965236,,
2018-01-29,,,,,-0.04999999999992889,0.04999999999969787,-0.04999999999993883,0.049999999999609725,,,,,,,,,,,,,,,,,,,,,,,,,,,,,,0.04999999999972331,,,,,,,,0.025602557700484658,,,,,-0.04999999997446599,,,0.04999999999780369,,,,0.04999999999984786,0.049999999999925084,,-0.04999999999987813,0.04999999999937257,,,,,,,,,,0.04999999999998988,,0.021844870484123657,,0.02796527529571526,,,,,,,,,,,0.03598076807786372,,,,-0.04999999999956296,,0.04999999999904785,0.04999999999993415,,0.020572243736709673,,,,,,,-0.0465484218962529,,,,,,,,0.04999999999965236,,
2018-01-30,,,,,-0.04999999999992889,0.04999999999969787,-0.04999999999993883,0.049999999999609725,,,,,,,,,,,,,,,,,,,,,,,,,,,,,,0.04999999999972331,,,,,,,,0.025602557700484658,,,,,-0.04999999997446599,,,0.04999999999780369,,,,0.04999999999984786,0.049999999999925084,,-0.04999999999987813,0.04999999999937257,,,,,,,,,,0.04999999999998988,,0.021844870484123657,,0.02796527529571526,,,,,,,,,,,0.03598076807786372,,,,-0.04999999999956296,,0.04999999999904785,0.04999999999993415,,0.020572243736709673,,,,,,,-0.0465484218962529,,,,,,,,0.04999999999965236,,
2018-01-31,,,,,-0.04999999999662776,,-0.0499999999761303,0.049999999999133946,0.049999999998311874,,,,,0.026414391460207336,,,,,,,,,,,,,,,,0.049999999997940525,,,,,,,,0.04999999999278296,,,,,,,,0.03447606636620556,0.043579938864569845,,,,,,,,0.049999999996348736,,,,0.035739890369040635,,-0.04999999999812485,,,,,,,,,,,0.049999999999816844,,0.04999999999915751,,0.04999999999471505,,,-0.04630261615947824,,0.03996716244909306,,,,,,,-0.0355701474370458,,,,,0.04616664983332645,0.04999999999945474,,,,,,0.01785074474572044,,,-0.03943314560022279,,,,,,,,,,
2018-02-01,,,,,-0.04999999999662776,,-0.0499999999761303,0.049999999999133946,0.049999999998311874,,,,,0.026414391460207336,,,,,,,,,,,,,,,,0.049999999997940525,,,,,,,,0.04999999999278296,,,,,,,,0.03447606636620556,0.043579938864569845,,,,,,,,0.049999999996348736,,,,0.035739890369040635,,-0.04999999999812485,,,,,,,,,,,0.049999999999816844,,0.04999999999915751,,0.04999999999471505,,,-0.04630261615947824,,0.03996716244909306,,,,,,,-0.0355701474370458,,,,,0.04616664983332645,0.04999999999945474,,,,,,0.01785074474572044,,,-0.03943314560022279,,,,,,,,,,
2018-02-02,,,,,-0.04999999999662776,,-0.0499999999761303,0.049999999999133946,0.049999999998311874,,,,,0.026414391460207336,,,,,,,,,,,,,,,,0.049999999997940525,,,,,,,,0.04999999999278296,,,,,,,,0.03447606636620556,0.043579938864569845,,,,,,,,0.049999999996348736,,,,0.035739890369040635,,-0.04999999999812485,,,,,,,,,,,0.049999999999816844,,0.04999999999915751,,0.04999999999471505,,,-0.04630261615947824,,0.03996716244909306,,,,,,,-0.0355701474370458,,,,,0.04616664983332645,0.04999999999945474,,,,,,0.01785074474572044,,,-0.03943314560022279,,,,,,,,,,
2018-02-05,,,,,-0.04999999999662776,,-0.0499999999761303,0.049999999999133946,0.049999999998311874,,,,,0.026414391460207336,,,,,,,,,,,,,,,,0.049999999997940525,,,,,,,,0.04999999999278296,,,,,,,,0.03447606636620556,0.043579938864569845,,,,,,,,0.049999999996348736,,,,0.035739890369040635,,-0.04999999999812485,,,,,,,,,,,0.049999999999816844,,0.04999999999915751,,0.04999999999471505,,,-0.04630261615947824,,0.03996716244909306,,,,,,,-0.0355701474370458,,,,,0.04616664983332645,0.04999999999945474,,,,,,0.01785074474572044,,,-0.03943314560022279,,,,,,,,,,
2018-02-06,,,,,-0.04999999999662776,,-0.0499999999761303,0.049999999999133946,0.049999999998311874,,,,,0.026414391460207336,,,,,,,,,,,,,,,,0.049999999997940525,,,,,,,,0.04999999999278296,,,,,,,,0.03447606636620556,0.043579938864569845,,,,,,,,0.049999999996348736,,,,0.035739890369040635,,-0.04999999999812485,,,,,,,,,,,0.049999999999816844,,0.04999999999915751,,0.04999999999471505,,,-0.04630261615947824,,0.03996716244909306,,,,,,,-0.0355701474370458,,,,,0.04616664983332645,0.04999999999945474,,,,,,0.01785074474572044,,,-0.03943314560022279,,,,,,,,,,
2018-02-07,,,,-0.023155001134393977,-0.022197087563529755,,,0.021423490014350153,0.049999999998824686,,,,,,,,,,-0.04999999994059106,,,-0.049999999997817964,,,,,,,,0.04999999999887712,,,,,0.04999999999633733,,,,,,0.01773283490333845,,,,,0.03512131842135149,,,,,,,,,0.04999999996174146,,,,,-0.011159661179311227,-0.04999999999826707,,,0.04999999998880138,,,,0.04999999998724725,,,,0.04999999999968705,,0.049999999998332406,,,,,,,,,0.0424430982512733,0.049999999991551754,,,,-0.049999999998835955,,,,,,0.049999999998643935,,,,0.04999999999920314,,,,,-0.0283326728984287,,,,,,,,0.01742668534359152,,
2018-02-08,,,,-0.023155001134393977,-0.022197087563529755,,,0.021423490014350153,0.049999999998824686,,,,,,,,,,-0.04999999994059106,,,-0.049999999997817964,,,,,,,,0.04999999999887712,,,,,0.04999999999633733,,,,,,0.01773283490333845,,,,,0.03512131842135149,,,,,,,,,0.04999999996174146,,,,,-0.011159661179311227,-0.04999999999826707,,,0.04999999998880138,,,,0.04999999998724725,,,,0.04999999999968705,,0.049999999998332406,,,,,,,,,0.0424430982512733,0.049999999991551754,,,,-0.049999999998835955,,,,,,0.049999999998643935,,,,0.04999999999920314,,,,,-0.0283326728984287,,,,,,,,0.01742668534359152,,
2018-02-09,,,,-0.023155001134393977,-0.022197087563529755,,,0.021423490014350153,0.049999999998824686,,,,,,,,,,-0.04999999994059106,,,-0.049999999997817964,,,,,,,,0.04999999999887712,,,,,0.04999999999633733,,,,,,0.01773283490333845,,,,,0.03512131842135149,,,,,,,,,0.04999999996174146,,,,,-0.011159661179311227,-0.04999999999826707,,,0.04999999998880138,,,,0.04999999998724725,,,,0.04999999999968705,,0.049999999998332406,,,,,,,,,0.0424430982512733,0.049999999991551754,,,,-0.049999999998835955,,,,,,0.049999999998643935,,,,0.04999999999920314,,,,,-0.0283326728984287,,,,,,,,0.01742668534359152,,
2018-02-12,,,,-0.023155001134393977,-0.022197087563529755,,,0.021423490014350153,0.049999999998824686,,,,,,,,,,-0.04999999994059106,,,-0.049999999997817964,,,,,,,,0.04999999999887712,,,,,0.04999999999633733,,,,,,0.01773283490333845,,,,,0.03512131842135149,,,,,,,,,0.04999999996174146,,,,,-0.011159661179311227,-0.04999999999826707,,,0.04999999998880138,,,,0.04999999998724725,,,,0.04999999999968705,,0.049999999998332406,,,,,,,,,0.0424430982512733,0.049999999991551754,,,,-0.049999999998835955,,,,,,0.049999999998643935,,,,0.04999999999920314,,,,,-0.0283326728984287,,,,,,,,0.01742668534359152,,
2018-02-13,,,,-0.023155001134393977,-0.022197087563529755,,,0.021423490014350153,0.049999999998824686,,,,,,,,,,-0.04999999994059106,,,-0.049999999997817964,,,,,,,,0.04999999999887712,,,,,0.04999999999633733,,,,,,0.01773283490333845,,,,,0.03512131842135149,,,,,,,,,0.04999999996174146,,,,,-0.011159661179311227,-0.04999999999826707,,,0.04999999998880138,,,,0.04999999998724725,,,,0.04999999999968705,,0.049999999998332406,,,,,,,,,0.0424430982512733,0.049999999991551754,,,,-0.049999999998835955,,,,,,0.049999999998643935,,,,0.04999999999920314,,,,,-0.0283326728984287,,,,,,,,0.01742668534359152,,
2018-02-14,,,,,,,,0.02475958406577582,0.04999999999774527,,,,,,,-0.040808120446014,,,-0.019127138807583755,,,,,0.04269358573702026,,,,-0.04999999997461694,,0.049999999995417585,,,,,0.04498647740486293,,,,,-0.012094375988956432,,,,,,0.03664705177106296,,,,,,,,,0.03695694922303439,,0.04999999999406795,,,-0.027970364127477245,-0.049999999976136286,,,0.02191525444463521,,,,0.025752487056815734,,,,0.04999999999948062,-0.049999999996884474,0.04999999999814322,,,,,,,,,0.049999999985772474,,,,,-0.049999999997518675,,,,,,0.04999999999133253,,,,0.04999999999803322,,,,,,,,,0.0422466616304561,,,,,,
2018-02-15,,,,,,,,0.02475958406577582,0.04999999999774527,,,,,,,-0.040808120446014,,,-0.019127138807583755,,,,,0.04269358573702026,,,,-0.04999999997461694,,0.049999999995417585,,,,,0.04498647740486293,,,,,-0.012094375988956432,,,,,,0.03664705177106296,,,,,,,,,0.03695694922303439,,0.04999999999406795,,,-0.027970364127477245,-0.049999999976136286,,,0.02191525444463521,,,,0.025752487056815734,,,,0.04999999999948062,-0.049999999996884474,0.04999999999814322,,,,,,,,,0.049999999985772474,,,,,-0.049999999997518675,,,,,,0.04999999999133253,,,,0.04999999999803322,,,,,,,,,0.0422466616304561,,,,,,
2018-02-16,,,,,,,,0.02475958406577582,0.04999999999774527,,,,,,,-0.040808120446014,,,-0.019127138807583755,,,,,0.04269358573702026,,,,-0.04999999997461694,,0.049999999995417585,,,,,0.04498647740486293,,,,,-0.012094375988956432,,,,,,0.03664705177106296,,,,,,,,,0.03695694922303439,,0.04999999999406795,,,-0.027970364127477245,-0.049999999976136286,,,0.02191525444463521,,,,0.025752487056815734,,,,0.04999999999948062,-0.049999999996884474,0.04999999999814322,,,,,,,,,0.049999999985772474,,,,,-0.049999999997518675,,,,,,0.04999999999133253,,,,0.04999999999803322,,,,,,,,,0.0422466616304561,,,,,,
2018-02-20,,,,,,,,0.02475958406577582,0.04999999999774527,,,,,,,-0.040808120446014,,,-0.019127138807583755,,,,,0.04269358573702026,,,,-0.04999999997461694,,0.049999999995417585,,,,,0.04498647740486293,,,,,-0.012094375988956432,,,,,,0.03664705177106296,,,,,,,,,0.03695694922303439,,0.04999999999406795,,,-0.027970364127477245,-0.049999999976136286,,,0.02191525444463521,,,,0.025752487056815734,,,,0.04999999999948062,-0.049999999996884474,0.04999999999814322,,,,,,,,,0.049999999985772474,,,,,-0.049999999997518675,,,,,,0.04999999999133253,,,,0.04999999999803322,,,,,,,,,0.0422466616304561,,,,,,
2018-02-21,,,,,,,,,0.04999999999963067,-0.04999999999740158,,,,,,,,0.02633447651953787,,,,,,0.0204471368258855,,0.0499999999940875,,-0.04999999999960324,,0.04999999999941925,,,,,0.049999999989691284,,,,,-0.016700155252027674,,,,,,0.02480541800711139,,,,,,,,,0.049999999997463976,,0.04999999999911423,,,,-0.04999999999937968,,,0.015220434330557715,,,,,,,,0.04999999999989125,-0.04999999999967283,0.04999999999971997,,,,,,,,,0.04999999999928242,,,0.04999999999923243,,-0.04999999999945748,,,,,,0.049999999999165635,,,,0.04999999999979622,,,,,,,,,,,,,,-0.029869974341895915,
2018-02-22,,,,,,,,,0.04999999999963067,-0.04999999999740158,,,,,,,,0.02633447651953787,,,,,,0.0204471368258855,,0.0499999999940875,,-0.04999999999960324,,0.04999999999941925,,,,,0.049999999989691284,,,,,-0.016700155252027674,,,,,,0.02480541800711139,,,,,,,,,0.049999999997463976,,0.04999999999911423,,,,-0.04999999999937968,,,0.015220434330557715,,,,,,,,0.04999999999989125,-0.04999999999967283,0.04999999999971997,,,,,,,,,0.04999999999928242,,,0.04999999999923243,,-0.04999999999945748,,,,,,0.049999999999165635,,,,0.04999999999979622,,,,,,,,,,,,,,-0.029869974341895915,
2018-02-23,,,,,,,,,0.04999999999963067,-0.04999999999740158,,,,,,,,0.02633447651953787,,,,,,0.0204471368258855,,0.0499999999940875,,-0.04999999999960324,,0.04999999999941925,,,,,0.049999999989691284,,,,,-0.016700155252027674,,,,,,0.02480541800711139,,,,,,,,,0.049999999997463976,,0.04999999999911423,,,,-0.04999999999937968,,,0.015220434330557715,,,,,,,,0.04999999999989125,-0.04999999999967283,0.04999999999971997,,,,,,,,,0.04999999999928242,,,0.04999999999923243,,-0.04999999999945748,,,,,,0.049999999999165635,,,,0.04999999999979622,,,,,,,,,,,,,,-0.029869974341895915,
2018-02-26,,,,,,,,,0.04999999999963067,-0.04999999999740158,,,,,,,,0.02633447651953787,,,,,,0.0204471368258855,,0.0499999999940875,,-0.04999999999960324,,0.04999999999941925,,,,,0.049999999989691284,,,,,-0.016700155252027674,,,,,,0.02480541800711139,,,,,,,,,0.049999999997463976,,0.04999999999911423,,,,-0.04999999999937968,,,0.015220434330557715,,,,,,,,0.04999999999989125,-0.04999999999967283,0.04999999999971997,,,,,,,,,0.04999999999928242,,,0.04999999999923243,,-0.04999999999945748,,,,,,0.049999999999165635,,,,0.04999999999979622,,,,,,,,,,,,,,-0.029869974341895915,
2018-02-27,,,,,,,,,0.04999999999963067,-0.04999999999740158,,,,,,,,0.02633447651953787,,,,,,0.0204471368258855,,0.0499999999940875,,-0.04999999999960324,,0.04999999999941925,,,,,0.049999999989691284,,,,,-0.016700155252027674,,,,,,0.02480541800711139,,,,,,,,,0.049999999997463976,,0.04999999999911423,,,,-0.04999999999937968,,,0.015220434330557715,,,,,,,,0.04999999999989125,-0.04999999999967283,0.04999999999971997,,,,,,,,,0.04999999999928242,,,0.04999999999923243,,-0.04999999999945748,,,,,,0.049999999999165635,,,,0.04999999999979622,,,,,,,,,,,,,,-0.029869974341895915,
2018-02-28,,,,,,,,,0.04999999999792706,-0.0253639283628681,-0.0499999999953054,,,,,,,0.010734896671926659,-0.04999999999693864,,,,,,,,,-0.03063012942904966,,0.04723470595740454,,0.010958736191665694,,0.04999999996801497,,,,,-0.010108411298095988,,,,,-0.01341222650136946,,0.01633827212608491,,,,0.0499999999903238,,,,0.04999999998451352,0.029714253550503975,,,,,,-0.019090210444927196,,,,,,0.0499999999846917,0.01979438538887904,,,,0.04999999999928211,-0.049999999997640855,0.0398273739539385,,,,,,,,,0.03415967449480039,,,0.04999999999849274,,-0.04123972750047325,,,,,,0.049999999994197096,,,,0.04999999999703706,,,,,,,,,,,,,,,
2018-03-01,,,,,,,,,0.04999999999792706,-0.0253639283628681,-0.0499999999953054,,,,,,,0.010734896671926659,-0.04999999999693864,,,,,,,,,-0.03063012942904966,,0.04723470595740454,,0.010958736191665694,,0.04999999996801497,,,,,-0.010108411298095988,,,,,-0.01341222650136946,,0.01633827212608491,,,,0.0499999999903238,,,,0.04999999998451352,0.029714253550503975,,,,,,-0.019090210444927196,,,,,,0.0499999999846917,0.01979438538887904,,,,0.04999999999928211,-0.049999999997640855,0.0398273739539385,,,,,,,,,0.03415967449480039,,,0.04999999999849274,,-0.04123972750047325,,,,,,0.049999999994197096,,,,0.04999999999703706,,,,,,,,,,,,,,,
2018-03-02,,,,,,,,,0.04999999999792706,-0.0253639283628681,-0.0499999999953054,,,,,,,0.010734896671926659,-0.04999999999693864,,,,,,,,,-0.03063012942904966,,0.04723470595740454,,0.010958736191665694,,0.04999999996801497,,,,,-0.010108411298095988,,,,,-0.01341222650136946,,0.01633827212608491,,,,0.0499999999903238,,,,0.04999999998451352,0.029714253550503975,,,,,,-0.019090210444927196,,,,,,0.0499999999846917,0.01979438538887904,,,,0.04999999999928211,-0.049999999997640855,0.0398273739539385,,,,,,,,,0.03415967449480039,,,0.04999999999849274,,-0.04123972750047325,,,,,,0.049999999994197096,,,,0.04999999999703706,,,,,,,,,,,,,,,
2018-03-05,,,,,,,,,0.04999999999792706,-0.0253639283628681,-0.0499999999953054,,,,,,,0.010734896671926659,-0.04999999999693864,,,,,,,,,-0.03063012942904966,,0.04723470595740454,,0.010958736191665694,,0.04999999996801497,,,,,-0.010108411298095988,,,,,-0.01341222650136946,,0.01633827212608491,,,,0.0499999999903238,,,,0.04999999998451352,0.029714253550503975,,,,,,-0.019090210444927196,,,,,,0.0499999999846917,0.01979438538887904,,,,0.04999999999928211,-0.049999999997640855,0.0398273739539385,,,,,,,,,0.03415967449480039,,,0.04999999999849274,,-0.04123972750047325,,,,,,0.049999999994197096,,,,0.04999999999703706,,,,,,,,,,,,,,,
2018-03-06,,,,,,,,,0.04999999999792706,-0.0253639283628681,-0.0499999999953054,,,,,,,0.010734896671926659,-0.04999999999693864,,,,,,,,,-0.03063012942904966,,0.04723470595740454,,0.010958736191665694,,0.04999999996801497,,,,,-0.010108411298095988,,,,,-0.01341222650136946,,0.01633827212608491,,,,0.0499999999903238,,,,0.04999999998451352,0.029714253550503975,,,,,,-0.019090210444927196,,,,,,0.0499999999846917,0.01979438538887904,,,,0.04999999999928211,-0.049999999997640855,0.0398273739539385,,,,,,,,,0.03415967449480039,,,0.04999999999849274,,-0.04123972750047325,,,,,,0.049999999994197096,,,,0.04999999999703706,,,,,,,,,,,,,,,
2018-03-07,,,,,-0.01071599990233858,,,,0.04999999999929588,,-0.04999999999856632,,,,,,,,-0.049999999998023376,,,,,,,0.037911781812100295,,-0.049999999998369064,,0.04999999999756392,,,,0.049999999999676435,,,,,,,,,,,-0.02641464164319594,0.03536166034093192,,,,0.049999999998590276,,,,,0.049999999995482124,,,,,,-0.049999999999698466,,,,,,,0.04999999999655755,,,,0.04999999999986233,-0.049999999999615234,0.049999999999603216,,,,,,,,,0.026726540706213504,0.03203882823467646,,0.04999999999951419,,,,,,,,0.04999999999967227,,,,0.048982822552740134,,,,,,,,,,,,,,,
2018-03-08,,,,,-0.01071599990233858,,,,0.04999999999929588,,-0.04999999999856632,,,,,,,,-0.049999999998023376,,,,,,,0.037911781812100295,,-0.049999999998369064,,0.04999999999756392,,,,0.049999999999676435,,,,,,,,,,,-0.02641464164319594,0.03536166034093192,,,,0.049999999998590276,,,,,0.049999999995482124,,,,,,-0.049999999999698466,,,,,,,0.04999999999655755,,,,0.04999999999986233,-0.049999999999615234,0.049999999999603216,,,,,,,,,0.026726540706213504,0.03203882823467646,,0.04999999999951419,,,,,,,,0.04999999999967227,,,,0.048982822552740134,,,,,,,,,,,,,,,
2018-03-09,,,,,-0.01071599990233858,,,,0.04999999999929588,,-0.04999999999856632,,,,,,,,-0.049999999998023376,,,,,,,0.037911781812100295,,-0.049999999998369064,,0.04999999999756392,,,,0.049999999999676435,,,,,,,,,,,-0.02641464164319594,0.03536166034093192,,,,0.049999999998590276,,,,,0.049999999995482124,,,,,,-0.049999999999698466,,,,,,,0.04999999999655755,,,,0.04999999999986233,-0.049999999999615234,0.049999999999603216,,,,,,,,,0.026726540706213504,0.03203882823467646,,0.04999999999951419,,,,,,,,0.04999999999967227,,,,0.048982822552740134,,,,,,,,,,,,,,,
2018-03-12,,,,,-0.01071599990233858,,,,0.04999999999929588,,-0.04999999999856632,,,,,,,,-0.049999999998023376,,,,,,,0.037911781812100295,,-0.049999999998369064,,0.04999999999756392,,,,0.049999999999676435,,,,,,,,,,,-0.02641464164319594,0.03536166034093192,,,,0.049999999998590276,,,,,0.049999999995482124,,,,,,-0.049999999999698466,,,,,,,0.04999999999655755,,,,0.04999999999986233,-0.049999999999615234,0.049999999999603216,,,,,,,,,0.026726540706213504,0.03203882823467646,,0.04999999999951419,,,,,,,,0.04999999999967227,,,,0.048982822552740134,,,,,,,,,,,,,,,
2018-03-13,,,,,-0.01071599990233858,,,,0.04999999999929588,,-0.04999999999856632,,,,,,,,-0.049999999998023376,,,,,,,0.037911781812100295,,-0.049999999998369064,,0.04999999999756392,,,,0.049999999999676435,,,,,,,,,,,-0.02641464164319594,0.03536166034093192,,,,0.049999999998590276,,,,,0.049999999995482124,,,,,,-0.049999999999698466,,,,,,,0.04999999999655755,,,,0.04999999999986233,-0.049999999999615234,0.049999999999603216,,,,,,,,,0.026726540706213504,0.03203882823467646,,0.04999999999951419,,,,,,,,0.04999999999967227,,,,0.048982822552740134,,,,,,,,,,,,,,,
2018-03-14,,,,,,,,,0.04999999997311976,,-0.04999999998294813,,,,,,,,-0.040236800255576854,,,,,,,,,-0.01571387837352043,,0.021059010203774653,,,,0.046412533851298995,0.02409675736703193,,,,,-0.02932267578149797,,,,,-0.04999999975738275,0.02263661109773815,,,,,,,,0.021916496209669643,0.04999999998514935,,,,,,-0.049999999996900406,,,,,,0.049999999944458084,0.04999999957400054,0.049999999971051735,,,0.0499999999976611,-0.049999999995958826,0.0499999999660377,,,,,,,,,,,,0.049999999989664166,,,,,,0.03261016525489042,,0.04999999999725391,,,,0.03682926267014021,,,,,,,,,,,,,0.018055543676606733,,
2018-03-15,,,,,,,,,0.04999999997311976,,-0.04999999998294813,,,,,,,,-0.040236800255576854,,,,,,,,,-0.01571387837352043,,0.021059010203774653,,,,0.046412533851298995,0.02409675736703193,,,,,-0.02932267578149797,,,,,-0.04999999975738275,0.02263661109773815,,,,,,,,0.021916496209669643,0.04999999998514935,,,,,,-0.049999999996900406,,,,,,0.049999999944458084,0.04999999957400054,0.049999999971051735,,,0.0499999999976611,-0.049999999995958826,0.0499999999660377,,,,,,,,,,,,0.049999999989664166,,,,,,0.03261016525489042,,0.04999999999725391,,,,0.03682926267014021,,,,,,,,,,,,,0.018055543676606733,,
2018-03-16,,,,,,,,,0.04999999997311976,,-0.04999999998294813,,,,,,,,-0.040236800255576854,,,,,,,,,-0.01571387837352043,,0.021059010203774653,,,,0.046412533851298995,0.02409675736703193,,,,,-0.02932267578149797,,,,,-0.04999999975738275,0.02263661109773815,,,,,,,,0.021916496209669643,0.04999999998514935,,,,,,-0.049999999996900406,,,,,,0.049999999944458084,0.04999999957400054,0.049999999971051735,,,0.0499999999976611,-0.049999999995958826,0.0499999999660377,,,,,,,,,,,,0.049999999989664166,,,,,,0.03261016525489042,,0.04999999999725391,,,,0.03682926267014021,,,,,,,,,,,,,0.018055543676606733,,
2018-03-19,,,,,,,,,0.04999999997311976,,-0.04999999998294813,,,,,,,,-0.040236800255576854,,,,,,,,,-0.01571387837352043,,0.021059010203774653,,,,0.046412533851298995,0.02409675736703193,,,,,-0.02932267578149797,,,,,-0.04999999975738275,0.02263661109773815,,,,,,,,0.021916496209669643,0.04999999998514935,,,,,,-0.049999999996900406,,,,,,0.049999999944458084,0.04999999957400054,0.049999999971051735,,,0.0499999999976611,-0.049999999995958826,0.0499999999660377,,,,,,,,,,,,0.049999999989664166,,,,,,0.03261016525489042,,0.04999999999725391,,,,0.03682926267014021,,,,,,,,,,,,,0.018055543676606733,,
2018-03-20,,,,,,,,,0.04999999997311976,,-0.04999999998294813,,,,,,,,-0.040236800255576854,,,,,,,,,-0.01571387837352043,,0.021059010203774653,,,,0.046412533851298995,0.02409675736703193,,,,,-0.02932267578149797,,,,,-0.04999999975738275,0.02263661109773815,,,,,,,,0.021916496209669643,0.04999999998514935,,,,,,-0.049999999996900406,,,,,,0.049999999944458084,0.04999999957400054,0.049999999971051735,,,0.0499999999976611,-0.049999999995958826,0.0499999999660377,,,,,,,,,,,,0.049999999989664166,,,,,,0.03261016525489042,,0.04999999999725391,,,,0.03682926267014021,,,,,,,,,,,,,0.018055543676606733,,
2018-03-21,0.022911459654698922,,,,,,,,0.04999999999909198,,,,,,,,,,-0.04999999999918176,,,,,,,,,-0.041465704882371945,,0.015849253810837443,,,,0.0351302908284827,,,0.049332236791066006,,,-0.027673344481227657,,-0.0499999999989657,,,-0.011796261475815998,0.04547885036320757,,,,,,,,,0.04999999999880552,,,,,,-0.049999999999921475,,,,,,,0.049999999999405194,0.04999999999978335,,,0.04999999999988478,-0.0499999999990949,0.04999999999991194,,,,,,,,,,0.049999999998702485,,0.049999999999630666,,,,,,0.010946361579994335,,0.049999999999906335,,,0.029152982732511108,,,,,,,,,,,,,,,,0.04119856419283821
2018-03-22,0.022911459654698922,,,,,,,,0.04999999999909198,,,,,,,,,,-0.04999999999918176,,,,,,,,,-0.041465704882371945,,0.015849253810837443,,,,0.0351302908284827,,,0.049332236791066006,,,-0.027673344481227657,,-0.0499999999989657,,,-0.011796261475815998,0.04547885036320757,,,,,,,,,0.04999999999880552,,,,,,-0.049999999999921475,,,,,,,0.049999999999405194,0.04999999999978335,,,0.04999999999988478,-0.0499999999990949,0.04999999999991194,,,,,,,,,,0.049999999998702485,,0.049999999999630666,,,,,,0.010946361579994335,,0.049999999999906335,,,0.029152982732511108,,,,,,,,,,,,,,,,0.04119856419283821
2018-03-23,0.022911459654698922,,,,,,,,0.04999999999909198,,,,,,,,,,-0.04999999999918176,,,,,,,,,-0.041465704882371945,,0.015849253810837443,,,,0.0351302908284827,,,0.049332236791066006,,,-0.027673344481227657,,-0.0499999999989657,,,-0.011796261475815998,0.04547885036320757,,,,,,,,,0.04999999999880552,,,,,,-0.049999999999921475,,,,,,,0.049999999999405194,0.04999999999978335,,,0.04999999999988478,-0.0499999999990949,0.04999999999991194,,,,,,,,,,0.049999999998702485,,0.049999999999630666,,,,,,0.010946361579994335,,0.049999999999906335,,,0.029152982732511108,,,,,,,,,,,,,,,,0.04119856419283821
2018-03-24,0.022911459654698922,,,,,,,,0.04999999999909198,,,,,,,,,,-0.04999999999918176,,,,,,,,,-0.041465704882371945,,0.015849253810837443,,,,0.0351302908284827,,,0.049332236791066006,,,-0.027673344481227657,,-0.0499999999989657,,,-0.011796261475815998,0.04547885036320757,,,,,,,,,0.04999999999880552,,,,,,-0.049999999999921475,,,,,,,0.049999999999405194,0.04999999999978335,,,0.04999999999988478,-0.0499999999990949,0.04999999999991194,,,,,,,,,,0.049999999998702485,,0.049999999999630666,,,,,,0.010946361579994335,,0.049999999999906335,,,0.029152982732511108,,,,,,,,,,,,,,,,0.04119856419283821
2018-03-25,0.022911459654698922,,,,,,,,0.04999999999909198,,,,,,,,,,-0.04999999999918176,,,,,,,,,-0.041465704882371945,,0.015849253810837443,,,,0.0351302908284827,,,0.049332236791066006,,,-0.027673344481227657,,-0.0499999999989657,,,-0.011796261475815998,0.04547885036320757,,,,,,,,,0.04999999999880552,,,,,,-0.049999999999921475,,,,,,,0.049999999999405194,0.04999999999978335,,,0.04999999999988478,-0.0499999999990949,0.04999999999991194,,,,,,,,,,0.049999999998702485,,0.049999999999630666,,,,,,0.010946361579994335,,0.049999999999906335,,,0.029152982732511108,,,,,,,,,,,,,,,,0.04119856419283821
2018-03-26,0.022911459654698922,,,,,,,,0.04999999999909198,,,,,,,,,,-0.04999999999918176,,,,,,,,,-0.041465704882371945,,0.015849253810837443,,,,0.0351302908284827,,,0.049332236791066006,,,-0.027673344481227657,,-0.0499999999989657,,,-0.011796261475815998,0.04547885036320757,,,,,,,,,0.04999999999880552,,,,,,-0.049999999999921475,,,,,,,0.049999999999405194,0.04999999999978335,,,0.04999999999988478,-0.0499999999990949,0.04999999999991194,,,,,,,,,,0.049999999998702485,,0.049999999999630666,,,,,,0.010946361579994335,,0.049999999999906335,,,0.029152982732511108,,,,,,,,,,,,,,,,0.04119856419283821
2018-03-27,0.022911459654698922,,,,,,,,0.04999999999909198,,,,,,,,,,-0.04999999999918176,,,,,,,,,-0.041465704882371945,,0.015849253810837443,,,,0.0351302908284827,,,0.049332236791066006,,,-0.027673344481227657,,-0.0499999999989657,,,-0.011796261475815998,0.04547885036320757,,,,,,,,,0.04999999999880552,,,,,,-0.049999999999921475,,,,,,,0.049999999999405194,0.04999999999978335,,,0.04999999999988478,-0.0499999999990949,0.04999999999991194,,,,,,,,,,0.049999999998702485,,0.049999999999630666,,,,,,0.010946361579994335,,0.049999999999906335,,,0.029152982732511108,,,,,,,,,,,,,,,,0.04119856419283821
2018-03-28,,,,,,,,0.049999999999662294,0.045353274925791054,,,,-0.010505792517379499,,-0.04263201938420401,,-0.01014485805133816,,,,,,,,,,,,,,0.0499999999980066,,,0.03516304531765049,,,,,,,,-0.02102166442558657,,,,0.011310544697672145,0.027379346177615407,,,,,,,,0.049999999999191365,,,,,,-0.04904476550969631,,,,,,,0.04999999999937132,,,,0.049999999999881875,-0.04999999999959035,0.0499999999998175,,,,0.04488135422166247,,,,,,0.04999999999956382,,0.04999999999907947,,,,,,,,0.04999999999976011,-0.04999999999746053,,0.04999999999895005,,-0.04999999999857804,,,,,,,,,,,,0.02959774173289411,,
2018-03-29,,,,,,,,0.049999999999662294,0.045353274925791054,,,,-0.010505792517379499,,-0.04263201938420401,,-0.01014485805133816,,,,,,,,,,,,,,0.0499999999980066,,,0.03516304531765049,,,,,,,,-0.02102166442558657,,,,0.011310544697672145,0.027379346177615407,,,,,,,,0.049999999999191365,,,,,,-0.04904476550969631,,,,,,,0.04999999999937132,,,,0.049999999999881875,-0.04999999999959035,0.0499999999998175,,,,0.04488135422166247,,,,,,0.04999999999956382,,0.04999999999907947,,,,,,,,0.04999999999976011,-0.04999999999746053,,0.04999999999895005,,-0.04999999999857804,,,,,,,,,,,,0.02959774173289411,,
2018-03-30,,,,,,,,0.049999999999662294,0.045353274925791054,,,,-0.010505792517379499,,-0.04263201938420401,,-0.01014485805133816,,,,,,,,,,,,,,0.0499999999980066,,,0.03516304531765049,,,,,,,,-0.02102166442558657,,,,0.011310544697672145,0.027379346177615407,,,,,,,,0.049999999999191365,,,,,,-0.04904476550969631,,,,,,,0.04999999999937132,,,,0.049999999999881875,-0.04999999999959035,0.0499999999998175,,,,0.04488135422166247,,,,,,0.04999999999956382,,0.04999999999907947,,,,,,,,0.04999999999976011,-0.04999999999746053,,0.04999999999895005,,-0.04999999999857804,,,,,,,,,,,,0.02959774173289411,,
2018-03-31,,,,,,,,0.049999999999662294,0.045353274925791054,,,,-0.010505792517379499,,-0.04263201938420401,,-0.01014485805133816,,,,,,,,,,,,,,0.0499999999980066,,,0.03516304531765049,,,,,,,,-0.02102166442558657,,,,0.011310544697672145,0.027379346177615407,,,,,,,,0.049999999999191365,,,,,,-0.04904476550969631,,,,,,,0.04999999999937132,,,,0.049999999999881875,-0.04999999999959035,0.0499999999998175,,,,0.04488135422166247,,,,,,0.04999999999956382,,0.04999999999907947,,,,,,,,0.04999999999976011,-0.04999999999746053,,0.04999999999895005,,-0.04999999999857804,,,,,,,,,,,,0.02959774173289411,,
2018-04-01,,,,,,,,0.049999999999662294,0.045353274925791054,,,,-0.010505792517379499,,-0.04263201938420401,,-0.01014485805133816,,,,,,,,,,,,,,0.0499999999980066,,,0.03516304531765049,,,,,,,,-0.02102166442558657,,,,0.011310544697672145,0.027379346177615407,,,,,,,,0.049999999999191365,,,,,,-0.04904476550969631,,,,,,,0.04999999999937132,,,,0.049999999999881875,-0.04999999999959035,0.0499999999998175,,,,0.04488135422166247,,,,,,0.04999999999956382,,0.04999999999907947,,,,,,,,0.04999999999976011,-0.04999999999746053,,0.04999999999895005,,-0.04999999999857804,,,,,,,,,,,,0.02959774173289411,,
2018-04-02,,,,,,,,0.049999999999662294,0.045353274925791054,,,,-0.010505792517379499,,-0.04263201938420401,,-0.01014485805133816,,,,,,,,,,,,,,0.0499999999980066,,,0.03516304531765049,,,,,,,,-0.02102166442558657,,,,0.011310544697672145,0.027379346177615407,,,,,,,,0.049999999999191365,,,,,,-0.04904476550969631,,,,,,,0.04999999999937132,,,,0.049999999999881875,-0.04999999999959035,0.0499999999998175,,,,0.04488135422166247,,,,,,0.04999999999956382,,0.04999999999907947,,,,,,,,0.04999999999976011,-0.04999999999746053,,0.04999999999895005,,-0.04999999999857804,,,,,,,,,,,,0.02959774173289411,,
2018-04-03,,,,,,,,0.049999999999662294,0.045353274925791054,,,,-0.010505792517379499,,-0.04263201938420401,,-0.01014485805133816,,,,,,,,,,,,,,0.0499999999980066,,,0.03516304531765049,,,,,,,,-0.02102166442558657,,,,0.011310544697672145,0.027379346177615407,,,,,,,,0.049999999999191365,,,,,,-0.04904476550969631,,,,,,,0.04999999999937132,,,,0.049999999999881875,-0.04999999999959035,0.0499999999998175,,,,0.04488135422166247,,,,,,0.04999999999956382,,0.04999999999907947,,,,,,,,0.04999999999976011,-0.04999999999746053,,0.04999999999895005,,-0.04999999999857804,,,,,,,,,,,,0.02959774173289411,,
2018-04-04,,,0.0126868564427914,,,,,0.034912239809236675,,,,-0.04852561362443519,,,,,,,,,0.016966240360716103,,0.04999999997602478,,-0.020512599030084806,,,,-0.049999728754868536,,,0.031270798139319864,,0.035347329435128944,,,0.03585044429967697,,,,,,-0.01814623002174077,,,0.016440674373644003,,,,,,0.03493147682007788,,,,-0.013990634410698548,,,,,-0.011922108276695277,,,,0.021424015599584734,,0.04999999996961792,,,0.013018685100607807,0.012435021400848859,,-0.013521855523792741,,,,0.03267303908397328,,,,,-0.012193815713609491,,,,0.013446647361250268,,,,,0.020720526326941793,0.041609760777921834,,,-0.047242753708648326,,0.04311805997732836,,,,0.04999999998127347,,,,,,,,-0.049999999283265484,,0.015501061634050265,,0.0499999997282232
2018-04-05,,,0.0126868564427914,,,,,0.034912239809236675,,,,-0.04852561362443519,,,,,,,,,0.016966240360716103,,0.04999999997602478,,-0.020512599030084806,,,,-0.049999728754868536,,,0.031270798139319864,,0.035347329435128944,,,0.03585044429967697,,,,,,-0.01814623002174077,,,0.016440674373644003,,,,,,0.03493147682007788,,,,-0.013990634410698548,,,,,-0.011922108276695277,,,,0.021424015599584734,,0.04999999996961792,,,0.013018685100607807,0.012435021400848859,,-0.013521855523792741,,,,0.03267303908397328,,,,,-0.012193815713609491,,,,0.013446647361250268,,,,,0.020720526326941793,0.041609760777921834,,,-0.047242753708648326,,0.04311805997732836,,,,0.04999999998127347,,,,,,,,-0.049999999283265484,,0.015501061634050265,,0.0499999997282232
2018-04-06,,,0.0126868564427914,,,,,0.034912239809236675,,,,-0.04852561362443519,,,,,,,,,0.016966240360716103,,0.04999999997602478,,-0.020512599030084806,,,,-0.049999728754868536,,,0.031270798139319864,,0.035347329435128944,,,0.03585044429967697,,,,,,-0.01814623002174077,,,0.016440674373644003,,,,,,0.03493147682007788,,,,-0.013990634410698548,,,,,-0.011922108276695277,,,,0.021424015599584734,,0.04999999996961792,,,0.013018685100607807,0.012435021400848859,,-0.013521855523792741,,,,0.03267303908397328,,,,,-0.012193815713609491,,,,0.013446647361250268,,,,,0.020720526326941793,0.041609760777921834,,,-0.047242753708648326,,0.04311805997732836,,,,0.04999999998127347,,,,,,,,-0.049999999283265484,,0.015501061634050265,,0.0499999997282232
2018-04-07,,,0.0126868564427914,,,,,0.034912239809236675,,,,-0.04852561362443519,,,,,,,,,0.016966240360716103,,0.04999999997602478,,-0.020512599030084806,,,,-0.049999728754868536,,,0.031270798139319864,,0.035347329435128944,,,0.03585044429967697,,,,,,-0.01814623002174077,,,0.016440674373644003,,,,,,0.03493147682007788,,,,-0.013990634410698548,,,,,-0.011922108276695277,,,,0.021424015599584734,,0.04999999996961792,,,0.013018685100607807,0.012435021400848859,,-0.013521855523792741,,,,0.03267303908397328,,,,,-0.012193815713609491,,,,0.013446647361250268,,,,,0.020720526326941793,0.041609760777921834,,,-0.047242753708648326,,0.04311805997732836,,,,0.04999999998127347,,,,,,,,-0.049999999283265484,,0.015501061634050265,,0.0499999997282232
2018-04-08,,,0.0126868564427914,,,,,0.034912239809236675,,,,-0.04852561362443519,,,,,,,,,0.016966240360716103,,0.04999999997602478,,-0.020512599030084806,,,,-0.049999728754868536,,,0.031270798139319864,,0.035347329435128944,,,0.03585044429967697,,,,,,-0.01814623002174077,,,0.016440674373644003,,,,,,0.03493147682007788,,,,-0.013990634410698548,,,,,-0.011922108276695277,,,,0.021424015599584734,,0.04999999996961792,,,0.013018685100607807,0.012435021400848859,,-0.013521855523792741,,,,0.03267303908397328,,,,,-0.012193815713609491,,,,0.013446647361250268,,,,,0.020720526326941793,0.041609760777921834,,,-0.047242753708648326,,0.04311805997732836,,,,0.04999999998127347,,,,,,,,-0.049999999283265484,,0.015501061634050265,,0.0499999997282232
2018-04-09,,,0.0126868564427914,,,,,0.034912239809236675,,,,-0.04852561362443519,,,,,,,,,0.016966240360716103,,0.04999999997602478,,-0.020512599030084806,,,,-0.049999728754868536,,,0.031270798139319864,,0.035347329435128944,,,0.03585044429967697,,,,,,-0.01814623002174077,,,0.016440674373644003,,,,,,0.03493147682007788,,,,-0.013990634410698548,,,,,-0.011922108276695277,,,,0.021424015599584734,,0.04999999996961792,,,0.013018685100607807,0.012435021400848859,,-0.013521855523792741,,,,0.03267303908397328,,,,,-0.012193815713609491,,,,0.013446647361250268,,,,,0.020720526326941793,0.041609760777921834,,,-0.047242753708648326,,0.04311805997732836,,,,0.04999999998127347,,,,,,,,-0.049999999283265484,,0.015501061634050265,,0.0499999997282232
2018-04-10,,,0.0126868564427914,,,,,0.034912239809236675,,,,-0.04852561362443519,,,,,,,,,0.016966240360716103,,0.04999999997602478,,-0.020512599030084806,,,,-0.049999728754868536,,,0.031270798139319864,,0.035347329435128944,,,0.03585044429967697,,,,,,-0.01814623002174077,,,0.016440674373644003,,,,,,0.03493147682007788,,,,-0.013990634410698548,,,,,-0.011922108276695277,,,,0.021424015599584734,,0.04999999996961792,,,0.013018685100607807,0.012435021400848859,,-0.013521855523792741,,,,0.03267303908397328,,,,,-0.012193815713609491,,,,0.013446647361250268,,,,,0.020720526326941793,0.041609760777921834,,,-0.047242753708648326,,0.04311805997732836,,,,0.04999999998127347,,,,,,,,-0.049999999283265484,,0.015501061634050265,,0.0499999997282232
2018-04-11,,,,,,,,0.0499999999904056,,,,,,,,,-0.025992473995421265,,,,,,,,,,-0.025975137099718767,,,,,,,0.01555028828496952,,,0.02363812064146379,,,,,-0.03214879105577201,,,,,,,0.02920752844364589,,,0.04999999999847345,,,,,,,,,-0.04959400182289691,,,,,,,,0.04999999999733324,0.04999999999500129,,,-0.04999999999647847,0.03008621281298648,0.044443343827567594,,,0.037944736071839465,,0.04999999998501363,,,0.012865237976573043,0.04999999999277644,,0.049999999998258875,,,0.022230975772164197,,,0.04999999999568347,,,-0.04228514556455447,,0.04999999999714486,,-0.024004450185841904,,,,,,0.02602053074803485,,,,-0.0499999999963221,,,,
2018-04-12,,,,,,,,,,,,,,,,,,,,,,,,,,,,,,,,,,,,,,,,,,,,,,,,,,,,,,,,,,,,,,,,,,,,,,,,,,,,,,,,,,,,,,,,,,,,,,,,,,,,,,,,,,,,,,,,,
2018-04-13,,,,,,,,,,,,,,,,,,,,,,,,,,,,,,,,,,,,,,,,,,,,,,,,,,,,,,,,,,,,,,,,,,,,,,,,,,,,,,,,,,,,,,,,,,,,,,,,,,,,,,,,,,,,,,,,,
