,Contract Name,Last Trade Date,Strike,Last Price,Bid,Ask,Change,% Change,Volume,Open Interest,Implied Volatility,expiration,type
0,SBUX180706C00041500,2018-07-05 6:35PM EDT,41.5,7.4,7.05,7.35,0.0,-,1,1,129.69%,2018-07-06,call
1,SBUX180706C00042500,2018-06-29 11:47PM EDT,42.5,6.11,4.3,8.8,0.0,-,3,0,172.85%,2018-07-06,call
2,SBUX180706C00044000,2018-07-05 10:14AM EDT,44.0,4.5,4.5,4.75,-0.15,-3.23%,1,14,64.06%,2018-07-06,call
3,SBUX180706C00044500,2018-07-05 6:35PM EDT,44.5,4.2,4.05,4.2,0.0,-,6,6,57.81%,2018-07-06,call
4,SBUX180706C00045000,2018-06-29 11:47PM EDT,45.0,3.75,1.7,6.45,0.0,-,1,0,122.46%,2018-07-06,call
5,SBUX180706C00045500,2018-06-27 2:56PM EDT,45.5,4.55,2.99,5.85,0.0,-,2,2,185.25%,2018-07-06,call
6,SBUX180706C00047000,2018-07-05 1:28PM EDT,47.0,1.74,1.59,1.74,-0.21,-10.77%,62,291,44.92%,2018-07-06,call
7,SBUX180706C00047500,2018-07-05 3:46PM EDT,47.5,1.18,1.1,1.16,-0.26,-18.06%,38,81,25.78%,2018-07-06,call
8,SBUX180706C00048000,2018-07-05 1:40PM EDT,48.0,0.78,0.62,0.69,-0.25,-24.27%,106,492,20.12%,2018-07-06,call
9,SBUX180706C00048500,2018-07-05 3:53PM EDT,48.5,0.31,0.26,0.3,-0.21,-40.38%,297,295,16.80%,2018-07-06,call
10,SBUX180706C00049000,2018-07-05 3:59PM EDT,49.0,0.08,0.08,0.09,-0.22,-73.33%,1360,1208,16.41%,2018-07-06,call
11,SBUX180706C00049500,2018-07-05 3:35PM EDT,49.5,0.02,0.02,0.03,-0.09,-81.82%,448,872,18.75%,2018-07-06,call
12,SBUX180706C00050000,2018-07-05 3:35PM EDT,50.0,0.01,0.01,0.02,-0.04,-80.00%,312,1251,23.83%,2018-07-06,call
13,SBUX180706C00050500,2018-07-05 1:51PM EDT,50.5,0.01,0.0,0.01,-0.02,-66.67%,120,653,26.56%,2018-07-06,call
14,SBUX180706C00051000,2018-07-05 1:26PM EDT,51.0,0.01,0.0,0.01,0.0,-,1,1002,32.81%,2018-07-06,call
15,SBUX180706C00051500,2018-07-02 1:15PM EDT,51.5,0.03,0.0,0.01,0.0,-,48,282,37.50%,2018-07-06,call
16,SBUX180706C00052000,2018-07-02 10:04AM EDT,52.0,0.02,0.0,0.01,0.0,-,1,849,42.97%,2018-07-06,call
17,SBUX180706C00052500,2018-07-02 3:56PM EDT,52.5,0.02,0.0,0.01,0.0,-,50,449,48.44%,2018-07-06,call
18,SBUX180706C00053000,2018-07-05 9:37AM EDT,53.0,0.01,0.0,0.01,0.0,-,2,1534,53.13%,2018-07-06,call
19,SBUX180706C00053500,2018-07-02 10:10AM EDT,53.5,0.02,0.0,0.04,0.0,-,2,28,64.06%,2018-07-06,call
20,SBUX180706C00054000,2018-06-29 3:51PM EDT,54.0,0.02,0.01,0.02,0.01,+100.00%,91,1955,67.19%,2018-07-06,call
21,SBUX180706C00054500,2018-06-29 9:44AM EDT,54.5,0.01,0.01,0.08,-0.04,-80.00%,5,206,85.16%,2018-07-06,call
22,SBUX180706C00055000,2018-06-29 11:13AM EDT,55.0,0.01,0.01,0.02,0.0,-,2,1172,76.56%,2018-07-06,call
23,SBUX180706C00055500,2018-06-22 11:58PM EDT,55.5,0.08,0.04,0.1,0.0,-,2,0,104.30%,2018-07-06,call
24,SBUX180706C00056000,2018-06-29 2:15PM EDT,56.0,0.01,0.0,0.01,0.0,-,15,1339,75.00%,2018-07-06,call
25,SBUX180706C00057000,2018-06-29 11:55AM EDT,57.0,0.01,0.0,0.02,-0.01,-50.00%,28,477,90.63%,2018-07-06,call
26,SBUX180706C00057500,2018-06-22 11:58PM EDT,57.5,0.07,0.0,0.09,0.0,-,5,5,116.41%,2018-07-06,call
27,SBUX180706C00058000,2018-07-02 3:56PM EDT,58.0,0.01,0.01,0.01,0.0,-,42,901,98.44%,2018-07-06,call
28,SBUX180706C00059000,2018-07-02 12:09PM EDT,59.0,0.01,0.0,0.02,0.0,-,44,155,106.25%,2018-07-06,call
29,SBUX180706C00060000,2018-06-27 11:53AM EDT,60.0,0.02,0.0,0.02,0.01,+100.00%,2,121,115.63%,2018-07-06,call
30,SBUX180706C00061000,2018-06-27 11:53AM EDT,61.0,0.01,0.0,0.01,-0.01,-50.00%,2,23,112.50%,2018-07-06,call
31,SBUX180706C00062000,2018-06-19 9:30AM EDT,62.0,0.13,0.0,0.09,0.0,-,1,674,158.59%,2018-07-06,call
32,SBUX180706C00064000,2018-06-22 11:58PM EDT,64.0,0.04,0.0,0.06,0.0,-,1,1,165.63%,2018-07-06,call
33,SBUX180706C00067500,2018-07-05 6:35PM EDT,67.5,0.02,0.0,0.03,0.0,-,1,1,178.13%,2018-07-06,call
0,SBUX180713C00042500,2018-07-05 6:35PM EDT,42.5,6.3,6.05,6.35,0.0,-,7,0,53.52%,2018-07-13,call
1,SBUX180713C00044000,2018-06-29 11:47PM EDT,44.0,5.1,4.85,5.15,0.0,-,1,1,63.87%,2018-07-13,call
2,SBUX180713C00044500,2018-06-29 11:47PM EDT,44.5,4.3,4.3,4.75,0.0,-,1,0,60.25%,2018-07-13,call
3,SBUX180713C00045000,2018-07-05 3:47PM EDT,45.0,3.7,3.6,3.85,-0.55,-12.94%,11,17,45.61%,2018-07-13,call
4,SBUX180713C00046000,2018-07-05 12:11PM EDT,46.0,2.82,2.55,2.91,0.14,+5.22%,10,10,39.45%,2018-07-13,call
5,SBUX180713C00047000,2018-07-05 3:36PM EDT,47.0,1.8,1.73,1.98,-0.3,-14.29%,55,18,32.42%,2018-07-13,call
6,SBUX180713C00047500,2018-07-05 6:35PM EDT,47.5,1.6,1.33,1.55,0.0,-,78,74,29.44%,2018-07-13,call
7,SBUX180713C00048000,2018-07-05 3:51PM EDT,48.0,1.03,0.95,1.14,-0.48,-31.79%,68,150,26.37%,2018-07-13,call
8,SBUX180713C00048500,2018-07-05 2:17PM EDT,48.5,0.63,0.63,0.7,-0.42,-40.00%,20,98,21.14%,2018-07-13,call
9,SBUX180713C00049000,2018-07-05 3:50PM EDT,49.0,0.42,0.38,0.43,-0.37,-46.84%,420,337,19.78%,2018-07-13,call
10,SBUX180713C00049500,2018-07-05 3:37PM EDT,49.5,0.24,0.22,0.26,-0.15,-38.46%,160,280,19.63%,2018-07-13,call
11,SBUX180713C00050000,2018-07-05 3:43PM EDT,50.0,0.14,0.13,0.15,-0.1,-41.67%,277,768,19.73%,2018-07-13,call
12,SBUX180713C00050500,2018-07-05 3:33PM EDT,50.5,0.07,0.06,0.08,-0.15,-68.18%,91,58,19.73%,2018-07-13,call
13,SBUX180713C00051000,2018-07-05 1:33PM EDT,51.0,0.04,0.03,0.05,-0.06,-60.00%,24,803,20.70%,2018-07-13,call
14,SBUX180713C00051500,2018-07-02 12:39PM EDT,51.5,0.08,0.01,0.03,0.0,-,18,19,21.49%,2018-07-13,call
15,SBUX180713C00052000,2018-07-05 2:05PM EDT,52.0,0.02,0.02,0.04,-0.03,-60.00%,129,1021,25.78%,2018-07-13,call
16,SBUX180713C00052500,2018-07-05 6:35PM EDT,52.5,0.03,0.0,0.03,-0.02,-40.00%,2,3,26.95%,2018-07-13,call
17,SBUX180713C00053000,2018-07-05 10:02AM EDT,53.0,0.02,0.01,0.02,0.0,-,10,849,27.74%,2018-07-13,call
18,SBUX180713C00054000,2018-06-28 3:36PM EDT,54.0,0.04,0.02,0.05,0.0,-,3,253,38.28%,2018-07-13,call
19,SBUX180713C00055000,2018-07-05 10:26AM EDT,55.0,0.01,0.0,0.01,0.0,-,2,498,34.38%,2018-07-13,call
20,SBUX180713C00056000,2018-07-05 12:58PM EDT,56.0,0.01,0.0,0.01,-0.01,-33.33%,5,351,38.28%,2018-07-13,call
21,SBUX180713C00057000,2018-07-02 3:40PM EDT,57.0,0.03,0.0,0.02,0.0,-,28,319,46.48%,2018-07-13,call
22,SBUX180713C00057500,2018-06-22 11:58PM EDT,57.5,0.09,0.04,0.12,0.0,-,3,10,60.94%,2018-07-13,call
23,SBUX180713C00058000,2018-07-05 12:44PM EDT,58.0,0.03,0.0,0.01,0.0,-,57,337,46.88%,2018-07-13,call
24,SBUX180713C00059000,2018-07-05 10:34AM EDT,59.0,0.01,0.0,0.02,-0.01,-50.00%,2,204,50.00%,2018-07-13,call
25,SBUX180713C00060000,2018-07-02 11:20AM EDT,60.0,0.01,0.0,0.02,0.0,-,1,51,54.69%,2018-07-13,call
26,SBUX180713C00061000,2018-06-28 11:52AM EDT,61.0,0.01,0.0,0.03,0.0,-,10,20,60.94%,2018-07-13,call
27,SBUX180713C00062000,2018-06-01 11:51PM EDT,62.0,0.06,0.04,0.15,0.0,-,2,0,84.38%,2018-07-13,call
28,SBUX180713C00064000,2018-06-13 7:12PM EDT,64.0,0.01,0.0,0.05,0.0,-,10,10,76.56%,2018-07-13,call
29,SBUX180713C00065000,2018-06-25 1:59PM EDT,65.0,0.02,0.0,0.02,0.0,-,1,1,71.88%,2018-07-13,call
0,SBUX180720C00035000,2018-06-26 10:21AM EDT,35.0,15.46,15.2,15.5,0.0,-,23,37,184.86%,2018-07-20,call
1,SBUX180720C00040000,2018-07-05 11:23AM EDT,40.0,8.55,8.55,8.95,-0.4,-4.47%,1,236,59.57%,2018-07-20,call
2,SBUX180720C00045000,2018-07-03 12:30PM EDT,45.0,4.2,3.85,4.05,0.2,+5.00%,18,103,42.38%,2018-07-20,call
3,SBUX180720C00046000,2018-07-05 3:59PM EDT,46.0,2.92,2.78,3.05,-0.35,-10.70%,11,130,34.57%,2018-07-20,call
4,SBUX180720C00047000,2018-07-05 2:04PM EDT,47.0,2.0,1.9,2.18,-0.47,-19.03%,71,562,30.27%,2018-07-20,call
5,SBUX180720C00048000,2018-07-05 3:28PM EDT,48.0,1.2,1.16,1.19,-0.15,-11.11%,87,1236,21.09%,2018-07-20,call
6,SBUX180720C00049000,2018-07-05 3:48PM EDT,49.0,0.63,0.61,0.63,-0.14,-18.18%,690,2310,19.87%,2018-07-20,call
7,SBUX180720C00050000,2018-07-03 12:56PM EDT,50.0,0.38,0.35,0.39,-0.09,-19.15%,481,2584,22.41%,2018-07-20,call
8,SBUX180720C00050500,2018-07-05 3:12PM EDT,50.5,0.19,0.18,0.21,-0.12,-38.71%,172,918,20.22%,2018-07-20,call
9,SBUX180720C00051000,2018-07-05 3:36PM EDT,51.0,0.11,0.12,0.14,-0.07,-38.89%,49,3860,20.41%,2018-07-20,call
10,SBUX180720C00051500,2018-07-05 3:20PM EDT,51.5,0.09,0.07,0.1,-0.07,-43.75%,41,1642,21.19%,2018-07-20,call
11,SBUX180720C00052000,2018-07-05 3:08PM EDT,52.0,0.06,0.06,0.07,-0.01,-14.29%,260,3050,21.68%,2018-07-20,call
12,SBUX180720C00052500,2018-07-03 12:55PM EDT,52.5,0.06,0.05,0.07,-0.01,-14.29%,48,2419,24.02%,2018-07-20,call
13,SBUX180720C00053000,2018-07-05 3:23PM EDT,53.0,0.04,0.01,0.04,0.01,+33.33%,192,1806,23.44%,2018-07-20,call
14,SBUX180720C00053500,2018-07-05 3:08PM EDT,53.5,0.03,0.02,0.04,-0.01,-25.00%,52,3315,25.59%,2018-07-20,call
15,SBUX180720C00054000,2018-07-05 3:28PM EDT,54.0,0.02,0.02,0.03,0.0,-,187,4109,26.17%,2018-07-20,call
16,SBUX180720C00054500,2018-07-05 10:52AM EDT,54.5,0.02,0.02,0.03,0.0,-,2,952,28.13%,2018-07-20,call
17,SBUX180720C00055000,2018-07-03 12:33PM EDT,55.0,0.02,0.01,0.02,-0.01,-33.33%,47,5966,28.13%,2018-07-20,call
18,SBUX180720C00055500,2018-07-03 9:30AM EDT,55.5,0.02,0.01,0.02,0.0,-,15,337,29.69%,2018-07-20,call
19,SBUX180720C00056000,2018-06-29 1:48PM EDT,56.0,0.02,0.02,0.1,0.0,-,15,531,41.60%,2018-07-20,call
20,SBUX180720C00056500,2018-06-29 11:37AM EDT,56.5,0.02,0.01,0.05,-0.01,-33.33%,20,763,38.28%,2018-07-20,call
21,SBUX180720C00057000,2018-06-28 2:08PM EDT,57.0,0.03,0.01,0.04,0.0,-,3,904,38.67%,2018-07-20,call
22,SBUX180720C00057500,2018-07-03 11:54AM EDT,57.5,0.02,0.01,0.04,-0.01,-33.33%,90,13719,40.63%,2018-07-20,call
23,SBUX180720C00058000,2018-07-05 3:04PM EDT,58.0,0.01,0.01,0.03,-0.02,-66.67%,5,868,40.23%,2018-07-20,call
24,SBUX180720C00058500,2018-07-02 2:29PM EDT,58.5,0.03,0.01,0.03,0.0,-,3,291,42.19%,2018-07-20,call
25,SBUX180720C00059000,2018-07-05 12:33PM EDT,59.0,0.02,0.01,0.06,0.0,-,2,1373,48.63%,2018-07-20,call
26,SBUX180720C00059500,2018-07-05 9:30AM EDT,59.5,0.02,0.01,0.04,-0.02,-50.00%,1,334,47.27%,2018-07-20,call
27,SBUX180720C00060000,2018-07-03 12:04PM EDT,60.0,0.02,0.01,0.02,0.01,+100.00%,4,17985,44.53%,2018-07-20,call
28,SBUX180720C00060500,2018-06-22 11:58PM EDT,60.5,0.04,0.03,0.06,0.0,-,21,30,51.37%,2018-07-20,call
29,SBUX180720C00061000,2018-06-27 12:31PM EDT,61.0,0.01,0.0,0.04,-0.02,-66.67%,1,61,51.95%,2018-07-20,call
30,SBUX180720C00061500,2018-07-02 11:38AM EDT,61.5,0.01,0.0,0.02,0.0,-,1,12,48.44%,2018-07-20,call
31,SBUX180720C00062000,2018-06-22 11:58PM EDT,62.0,0.02,0.0,0.09,0.0,-,1,15,56.25%,2018-07-20,call
32,SBUX180720C00062500,2018-07-02 2:28PM EDT,62.5,0.02,0.0,0.02,0.0,-,4,3728,51.56%,2018-07-20,call
33,SBUX180720C00063000,2018-06-29 9:31AM EDT,63.0,0.02,0.0,0.05,-0.06,-75.00%,1,8,54.69%,2018-07-20,call
34,SBUX180720C00063500,2018-06-22 11:58PM EDT,63.5,0.11,0.0,0.09,0.0,-,1,1,60.55%,2018-07-20,call
35,SBUX180720C00064000,2018-06-22 11:58PM EDT,64.0,0.06,0.0,0.08,0.0,-,2,2,60.94%,2018-07-20,call
36,SBUX180720C00064500,2018-06-28 2:26PM EDT,64.5,0.01,0.0,0.03,0.0,-,7,7,54.69%,2018-07-20,call
37,SBUX180720C00065000,2018-06-25 3:51PM EDT,65.0,0.02,0.0,0.02,0.0,-,5,1941,53.91%,2018-07-20,call
38,SBUX180720C00067500,2018-06-22 10:10AM EDT,67.5,0.01,0.0,0.04,-0.01,-50.00%,10,440,64.84%,2018-07-20,call
39,SBUX180720C00070000,2018-06-26 9:31AM EDT,70.0,0.02,0.0,0.01,0.0,-,4,113,60.94%,2018-07-20,call
40,SBUX180720C00075000,2018-05-09 9:33AM EDT,75.0,0.02,0.0,0.03,0.0,-,5,10,79.69%,2018-07-20,call
41,SBUX180720C00080000,2018-03-12 10:13AM EDT,80.0,0.03,0.0,0.07,0.0,-,100,200,99.22%,2018-07-20,call
0,SBUX180727C00037500,2018-07-05 1:32PM EDT,37.5,11.25,11.05,11.55,-0.4,-3.43%,4,40,66.99%,2018-07-27,call
1,SBUX180727C00042500,2018-06-29 11:47PM EDT,42.5,6.7,6.5,6.95,0.0,-,1,1,57.28%,2018-07-27,call
2,SBUX180727C00045000,2018-07-05 6:35PM EDT,45.0,3.94,3.9,4.4,0.0,-,8,0,45.36%,2018-07-27,call
3,SBUX180727C00046000,2018-07-05 12:15PM EDT,46.0,3.35,3.1,3.3,-0.15,-4.29%,5,16,35.55%,2018-07-27,call
4,SBUX180727C00047000,2018-07-05 3:38PM EDT,47.0,2.39,2.34,2.67,-0.49,-17.01%,14,53,36.52%,2018-07-27,call
5,SBUX180727C00048000,2018-07-05 2:46PM EDT,48.0,1.77,1.71,2.0,-0.25,-12.38%,50,583,34.67%,2018-07-27,call
6,SBUX180727C00049000,2018-07-05 3:48PM EDT,49.0,1.2,1.17,1.37,-0.2,-14.29%,168,332,31.89%,2018-07-27,call
7,SBUX180727C00050000,2018-07-05 3:50PM EDT,50.0,0.81,0.77,0.8,-0.21,-20.59%,96,470,28.08%,2018-07-27,call
8,SBUX180727C00051000,2018-07-05 3:13PM EDT,51.0,0.53,0.48,0.55,-0.14,-20.90%,765,1148,28.91%,2018-07-27,call
9,SBUX180727C00052000,2018-07-05 3:41PM EDT,52.0,0.31,0.28,0.35,-0.12,-27.91%,31,1264,29.00%,2018-07-27,call
10,SBUX180727C00053000,2018-07-05 3:49PM EDT,53.0,0.2,0.17,0.21,-0.07,-25.93%,42,345,28.91%,2018-07-27,call
11,SBUX180727C00054000,2018-07-05 3:29PM EDT,54.0,0.12,0.09,0.14,-0.03,-20.00%,4,809,29.88%,2018-07-27,call
12,SBUX180727C00055000,2018-07-05 1:07PM EDT,55.0,0.09,0.07,0.09,-0.02,-18.18%,39,1004,30.57%,2018-07-27,call
13,SBUX180727C00056000,2018-07-02 12:55PM EDT,56.0,0.07,0.04,0.07,0.0,-,18,477,32.42%,2018-07-27,call
14,SBUX180727C00057000,2018-07-05 10:01AM EDT,57.0,0.05,0.03,0.06,0.01,+25.00%,2,237,34.57%,2018-07-27,call
15,SBUX180727C00057500,2018-06-28 9:30AM EDT,57.5,0.07,0.0,0.07,0.0,-,7,9,37.11%,2018-07-27,call
16,SBUX180727C00058000,2018-07-05 11:20AM EDT,58.0,0.04,0.0,0.05,-0.05,-55.56%,3,531,36.52%,2018-07-27,call
17,SBUX180727C00059000,2018-07-05 3:50PM EDT,59.0,0.05,0.03,0.04,0.02,+66.67%,12,504,37.89%,2018-07-27,call
18,SBUX180727C00060000,2018-06-29 2:33PM EDT,60.0,0.03,0.0,0.04,0.0,-,3,464,40.63%,2018-07-27,call
19,SBUX180727C00061000,2018-06-27 3:50PM EDT,61.0,0.03,0.0,0.1,0.0,-,2,61,50.39%,2018-07-27,call
20,SBUX180727C00062000,2018-06-26 1:30PM EDT,62.0,0.02,0.0,0.05,0.0,-,2,9,47.66%,2018-07-27,call
21,SBUX180727C00063000,2018-07-02 1:37PM EDT,63.0,0.01,0.0,0.03,0.0,-,1,6,46.48%,2018-07-27,call
22,SBUX180727C00064000,2018-06-20 12:26PM EDT,64.0,0.03,0.0,0.08,0.0,-,3,12,50.78%,2018-07-27,call
23,SBUX180727C00065000,2018-07-05 6:35PM EDT,65.0,0.02,0.0,0.03,0.0,-,15,0,51.17%,2018-07-27,call
0,SBUX180803C00043000,2018-07-05 6:35PM EDT,43.0,6.15,5.85,6.15,0.0,-,1,0,45.02%,2018-08-03,call
1,SBUX180803C00044000,2018-06-29 11:47PM EDT,44.0,4.35,5.1,5.45,0.0,-,10,10,47.22%,2018-08-03,call
2,SBUX180803C00046000,2018-06-28 10:29AM EDT,46.0,3.42,3.5,3.8,0.0,-,1,1,41.80%,2018-08-03,call
3,SBUX180803C00047000,2018-07-05 3:38PM EDT,47.0,2.56,2.43,2.73,-0.21,-7.58%,44,108,33.15%,2018-08-03,call
4,SBUX180803C00048000,2018-07-05 2:59PM EDT,48.0,1.85,1.83,2.12,-0.19,-9.31%,8,121,32.57%,2018-08-03,call
5,SBUX180803C00049000,2018-07-05 1:26PM EDT,49.0,1.35,1.3,1.42,-0.11,-7.53%,17,126,28.81%,2018-08-03,call
6,SBUX180803C00050000,2018-07-05 3:52PM EDT,50.0,0.94,0.85,0.94,-0.12,-11.32%,59,395,27.25%,2018-08-03,call
7,SBUX180803C00051000,2018-07-05 3:58PM EDT,51.0,0.63,0.55,0.69,-0.18,-22.22%,26,187,28.27%,2018-08-03,call
8,SBUX180803C00052000,2018-07-05 3:36PM EDT,52.0,0.38,0.33,0.48,-0.12,-24.00%,34,159,28.71%,2018-08-03,call
9,SBUX180803C00053000,2018-07-05 3:13PM EDT,53.0,0.24,0.22,0.3,-0.06,-20.00%,28,232,28.22%,2018-08-03,call
10,SBUX180803C00054000,2018-07-05 3:49PM EDT,54.0,0.15,0.11,0.22,-0.05,-25.00%,60,524,29.40%,2018-08-03,call
11,SBUX180803C00055000,2018-07-05 3:52PM EDT,55.0,0.1,0.09,0.13,-0.04,-28.57%,3,226,29.00%,2018-08-03,call
12,SBUX180803C00056000,2018-07-02 12:01PM EDT,56.0,0.09,0.05,0.08,0.0,-,5,17,29.10%,2018-08-03,call
13,SBUX180803C00057000,2018-07-05 12:34PM EDT,57.0,0.05,0.03,0.06,-0.02,-28.57%,1,23,30.27%,2018-08-03,call
14,SBUX180803C00058000,2018-07-02 2:27PM EDT,58.0,0.05,0.01,0.05,0.0,-,10,11,32.03%,2018-08-03,call
15,SBUX180803C00059000,2018-06-25 2:36PM EDT,59.0,0.1,0.04,0.08,0.0,-,3,2,37.31%,2018-08-03,call
16,SBUX180803C00060000,2018-06-27 2:23PM EDT,60.0,0.01,0.0,0.06,-0.02,-66.67%,1,6,38.09%,2018-08-03,call
0,SBUX180810C00042500,2018-06-29 11:47PM EDT,42.5,5.65,6.6,6.95,0.0,-,1,1,50.88%,2018-08-10,call
1,SBUX180810C00043000,2018-06-29 11:47PM EDT,43.0,5.0,6.15,6.55,0.0,-,1,1,50.44%,2018-08-10,call
2,SBUX180810C00045000,2018-06-29 11:47PM EDT,45.0,3.9,4.35,4.5,0.0,-,1,1,37.87%,2018-08-10,call
3,SBUX180810C00046000,2018-06-29 11:47PM EDT,46.0,3.1,3.5,3.65,0.0,-,1,1,34.82%,2018-08-10,call
4,SBUX180810C00047000,2018-07-05 1:17PM EDT,47.0,2.63,2.49,2.72,0.0,-,1,4,29.69%,2018-08-10,call
5,SBUX180810C00047500,2018-06-29 11:47PM EDT,47.5,2.4,2.43,2.54,0.0,-,1,15,31.69%,2018-08-10,call
6,SBUX180810C00048000,2018-07-05 2:14PM EDT,48.0,1.96,1.87,2.09,-0.24,-10.91%,1,245,28.83%,2018-08-10,call
7,SBUX180810C00049000,2018-07-05 3:29PM EDT,49.0,1.38,1.34,1.55,-0.4,-22.47%,6,52,28.03%,2018-08-10,call
8,SBUX180810C00050000,2018-07-05 2:14PM EDT,50.0,0.98,0.92,1.08,-0.22,-18.33%,26,46,26.91%,2018-08-10,call
9,SBUX180810C00051000,2018-07-05 2:58PM EDT,51.0,0.63,0.61,0.79,-0.15,-19.23%,16,200,27.34%,2018-08-10,call
10,SBUX180810C00052000,2018-07-05 3:13PM EDT,52.0,0.41,0.38,0.48,-0.18,-30.51%,14,118,25.83%,2018-08-10,call
11,SBUX180810C00052500,2018-07-05 10:41AM EDT,52.5,0.32,0.31,0.38,-0.08,-20.00%,1,16,25.59%,2018-08-10,call
12,SBUX180810C00053000,2018-07-05 2:54PM EDT,53.0,0.28,0.22,0.36,-0.1,-26.32%,75,13,27.00%,2018-08-10,call
13,SBUX180810C00054000,2018-07-05 3:51PM EDT,54.0,0.17,0.15,0.2,-0.07,-29.17%,15,12,25.78%,2018-08-10,call
14,SBUX180810C00055000,2018-07-05 6:35PM EDT,55.0,0.16,0.1,0.19,0.0,-,1,0,28.61%,2018-08-10,call
15,SBUX180810C00057500,2018-06-29 11:47PM EDT,57.5,0.1,0.05,0.14,0.0,-,33,33,33.59%,2018-08-10,call
0,SBUX180817C00040000,2018-07-05 9:58AM EDT,40.0,8.8,8.7,9.2,-0.25,-2.76%,32,53,52.64%,2018-08-17,call
1,SBUX180817C00042000,2018-07-05 6:35PM EDT,42.0,7.45,6.8,7.25,0.0,-,1,1,44.43%,2018-08-17,call
2,SBUX180817C00043000,2018-07-05 6:35PM EDT,43.0,5.86,5.85,6.3,0.0,-,5,0,40.77%,2018-08-17,call
3,SBUX180817C00045000,2018-07-05 12:06PM EDT,45.0,4.24,4.1,4.6,-0.26,-5.78%,37,518,36.60%,2018-08-17,call
4,SBUX180817C00046000,2018-07-05 2:08PM EDT,46.0,3.39,3.25,3.35,-0.41,-10.79%,18,90,26.61%,2018-08-17,call
5,SBUX180817C00047000,2018-07-05 3:45PM EDT,47.0,2.6,2.54,2.6,-0.36,-12.16%,64,256,25.27%,2018-08-17,call
6,SBUX180817C00048000,2018-07-05 3:14PM EDT,48.0,1.98,1.91,1.97,-0.11,-5.26%,150,380,24.61%,2018-08-17,call
7,SBUX180817C00049000,2018-07-05 3:54PM EDT,49.0,1.41,1.38,1.43,-0.13,-8.44%,901,454,23.93%,2018-08-17,call
8,SBUX180817C00050000,2018-07-05 3:58PM EDT,50.0,0.99,0.98,1.0,-0.12,-10.81%,972,7372,23.44%,2018-08-17,call
9,SBUX180817C00052500,2018-07-05 3:54PM EDT,52.5,0.34,0.34,0.37,-0.08,-19.05%,398,9471,23.24%,2018-08-17,call
10,SBUX180817C00055000,2018-07-05 3:50PM EDT,55.0,0.12,0.12,0.13,-0.04,-25.00%,492,10894,23.93%,2018-08-17,call
11,SBUX180817C00057500,2018-07-05 3:35PM EDT,57.5,0.06,0.05,0.06,-0.02,-25.00%,57,12636,26.17%,2018-08-17,call
12,SBUX180817C00060000,2018-07-05 2:50PM EDT,60.0,0.04,0.03,0.04,0.0,-,186,3379,29.49%,2018-08-17,call
13,SBUX180817C00062500,2018-07-05 2:42PM EDT,62.5,0.03,0.0,0.02,0.0,-,1,289,31.25%,2018-08-17,call
14,SBUX180817C00065000,2018-07-02 9:41AM EDT,65.0,0.01,0.0,0.03,0.0,-,1,470,37.11%,2018-08-17,call
15,SBUX180817C00070000,2018-07-05 10:23AM EDT,70.0,0.02,0.0,0.02,0.0,-,101,25,42.97%,2018-08-17,call
16,SBUX180817C00075000,2018-07-05 6:35PM EDT,75.0,0.25,0.0,0.02,0.0,-,1,0,49.61%,2018-08-17,call
0,SBUX180824C00049000,2018-07-05 6:35PM EDT,49.0,1.65,1.38,1.8,0.0,-,2,0,27.34%,2018-08-24,call
1,SBUX180824C00050000,2018-07-05 6:35PM EDT,50.0,1.05,0.8,1.14,0.0,-,2,0,23.78%,2018-08-24,call
2,SBUX180824C00051000,2018-07-05 6:35PM EDT,51.0,0.71,0.58,0.91,0.0,-,1,0,25.15%,2018-08-24,call
3,SBUX180824C00052000,2018-07-05 6:35PM EDT,52.0,0.53,0.32,0.63,0.0,-,61,0,24.71%,2018-08-24,call
4,SBUX180824C00053000,2018-07-05 6:35PM EDT,53.0,0.34,0.19,0.5,0.0,-,1,0,25.90%,2018-08-24,call
0,SBUX180921C00030000,2018-06-28 3:50PM EDT,30.0,18.6,18.75,19.45,0.0,-,100,7,74.51%,2018-09-21,call
1,SBUX180921C00035000,2018-07-02 10:17AM EDT,35.0,13.85,11.8,15.9,0.0,-,1,53,93.31%,2018-09-21,call
2,SBUX180921C00037000,2018-07-05 6:35PM EDT,37.0,11.9,11.65,13.85,0.0,-,14,0,62.35%,2018-09-21,call
3,SBUX180921C00040000,2018-07-03 11:25AM EDT,40.0,9.5,8.85,9.55,0.1,+1.06%,1,36,46.24%,2018-09-21,call
4,SBUX180921C00043000,2018-07-05 6:35PM EDT,43.0,6.25,5.95,6.7,0.0,-,1,0,36.87%,2018-09-21,call
5,SBUX180921C00044000,2018-07-02 10:25AM EDT,44.0,5.3,4.1,6.65,0.0,-,6,6,45.75%,2018-09-21,call
6,SBUX180921C00045000,2018-07-02 12:53PM EDT,45.0,4.55,4.45,4.85,0.0,-,22,696,30.71%,2018-09-21,call
7,SBUX180921C00046000,2018-07-05 3:48PM EDT,46.0,3.6,3.5,3.65,-0.35,-8.86%,18,38,23.83%,2018-09-21,call
8,SBUX180921C00047000,2018-07-05 3:59PM EDT,47.0,2.88,2.86,2.94,-0.37,-11.38%,86,147,22.93%,2018-09-21,call
9,SBUX180921C00048000,2018-07-05 3:59PM EDT,48.0,2.27,2.26,2.31,-0.26,-10.28%,265,133,22.19%,2018-09-21,call
10,SBUX180921C00049000,2018-07-05 3:58PM EDT,49.0,1.76,1.72,1.81,-0.24,-12.00%,247,179,22.07%,2018-09-21,call
11,SBUX180921C00050000,2018-07-03 12:55PM EDT,50.0,1.47,1.39,1.48,-0.1,-6.37%,191,4775,22.97%,2018-09-21,call
12,SBUX180921C00052500,2018-07-03 12:50PM EDT,52.5,0.7,0.68,0.69,-0.06,-7.89%,141,3954,22.22%,2018-09-21,call
13,SBUX180921C00055000,2018-07-03 12:50PM EDT,55.0,0.32,0.3,0.35,-0.01,-3.03%,71,5249,23.19%,2018-09-21,call
14,SBUX180921C00057500,2018-07-03 12:03PM EDT,57.5,0.15,0.12,0.17,0.0,-,1,3126,23.98%,2018-09-21,call
15,SBUX180921C00060000,2018-07-03 12:46PM EDT,60.0,0.08,0.07,0.1,0.03,+60.00%,32,7142,25.59%,2018-09-21,call
16,SBUX180921C00062500,2018-07-03 10:27AM EDT,62.5,0.05,0.05,0.08,0.0,-,22,3231,28.42%,2018-09-21,call
17,SBUX180921C00065000,2018-06-27 10:48AM EDT,65.0,0.05,0.03,0.06,-0.01,-16.67%,21,1410,30.47%,2018-09-21,call
18,SBUX180921C00067500,2018-06-26 9:44AM EDT,67.5,0.03,0.0,0.05,0.0,-,1,788,32.81%,2018-09-21,call
19,SBUX180921C00070000,2018-06-26 11:31AM EDT,70.0,0.03,0.01,0.03,0.0,-,1,732,33.59%,2018-09-21,call
20,SBUX180921C00072500,2018-07-02 12:02PM EDT,72.5,0.04,0.0,0.04,0.0,-,1,297,37.70%,2018-09-21,call
21,SBUX180921C00075000,2018-06-26 1:43PM EDT,75.0,0.01,0.0,0.03,0.0,-,10,837,38.87%,2018-09-21,call
22,SBUX180921C00080000,2018-06-26 3:25PM EDT,80.0,0.02,0.0,0.03,0.0,-,5,1618,43.75%,2018-09-21,call
23,SBUX180921C00085000,2018-05-07 9:30AM EDT,85.0,0.03,0.0,0.04,0.0,-,1,73,50.00%,2018-09-21,call
0,SBUX181019C00035000,2018-06-28 1:34PM EDT,35.0,12.96,13.25,16.55,0.0,-,1,4,63.77%,2018-10-19,call
1,SBUX181019C00037000,2018-07-05 6:35PM EDT,37.0,12.05,11.65,13.9,0.0,-,1,0,54.00%,2018-10-19,call
2,SBUX181019C00040000,2018-07-02 2:19PM EDT,40.0,9.19,7.25,10.45,0.0,-,3,65,52.71%,2018-10-19,call
3,SBUX181019C00043000,2018-07-05 6:35PM EDT,43.0,6.45,4.7,8.1,0.0,-,3,3,48.51%,2018-10-19,call
4,SBUX181019C00044000,2018-07-02 9:35AM EDT,44.0,5.5,5.2,5.6,0.0,-,25,33,26.93%,2018-10-19,call
5,SBUX181019C00045000,2018-07-02 2:19PM EDT,45.0,4.86,4.4,4.85,0.0,-,16,255,26.39%,2018-10-19,call
6,SBUX181019C00046000,2018-07-02 9:35AM EDT,46.0,4.0,3.8,3.95,0.0,-,30,30,23.74%,2018-10-19,call
7,SBUX181019C00047000,2018-07-05 3:51PM EDT,47.0,3.2,3.15,3.25,-0.26,-7.51%,7,1568,22.85%,2018-10-19,call
8,SBUX181019C00048000,2018-07-05 10:04AM EDT,48.0,2.56,2.55,2.64,-0.27,-9.54%,8,57,22.27%,2018-10-19,call
9,SBUX181019C00049000,2018-07-05 3:47PM EDT,49.0,2.1,2.03,2.12,-0.25,-10.64%,41,107,21.92%,2018-10-19,call
10,SBUX181019C00050000,2018-07-05 2:50PM EDT,50.0,1.6,1.58,1.67,-0.2,-11.11%,32,3869,21.58%,2018-10-19,call
11,SBUX181019C00052500,2018-07-05 3:58PM EDT,52.5,0.84,0.79,0.87,-0.11,-11.58%,74,2995,21.19%,2018-10-19,call
12,SBUX181019C00055000,2018-07-05 3:14PM EDT,55.0,0.39,0.39,0.43,-0.09,-18.75%,448,10001,21.24%,2018-10-19,call
13,SBUX181019C00057500,2018-07-05 3:58PM EDT,57.5,0.2,0.19,0.21,-0.04,-16.67%,41,2148,21.63%,2018-10-19,call
14,SBUX181019C00060000,2018-07-05 2:30PM EDT,60.0,0.08,0.08,0.11,-0.02,-20.00%,77,3642,22.41%,2018-10-19,call
15,SBUX181019C00062500,2018-07-05 11:06AM EDT,62.5,0.06,0.05,0.1,0.0,-,2,2679,25.39%,2018-10-19,call
16,SBUX181019C00065000,2018-07-02 9:30AM EDT,65.0,0.03,0.01,0.06,0.0,-,1,670,26.27%,2018-10-19,call
17,SBUX181019C00067500,2018-06-29 12:18PM EDT,67.5,0.03,0.0,0.06,0.0,-,3,116,29.10%,2018-10-19,call
18,SBUX181019C00070000,2018-06-21 3:23PM EDT,70.0,0.05,0.0,0.07,0.0,-,4,129,32.42%,2018-10-19,call
19,SBUX181019C00075000,2018-06-20 1:55PM EDT,75.0,0.02,0.0,0.05,0.0,-,20,57,35.74%,2018-10-19,call
0,SBUX190118C00030000,2018-06-26 10:21AM EDT,30.0,20.52,20.2,20.8,0.0,-,23,226,71.09%,2019-01-18,call
1,SBUX190118C00035000,2018-06-27 11:24AM EDT,35.0,15.5,15.3,15.85,-0.3,-1.90%,5,135,55.20%,2019-01-18,call
2,SBUX190118C00040000,2018-07-03 11:19AM EDT,40.0,9.85,9.3,10.05,0.46,+4.90%,2,902,34.69%,2019-01-18,call
3,SBUX190118C00043000,2018-06-29 11:48PM EDT,43.0,7.03,6.85,7.4,0.0,-,14,0,29.66%,2019-01-18,call
4,SBUX190118C00044000,2018-07-02 12:17PM EDT,44.0,6.3,5.65,6.5,0.0,-,1,11,27.64%,2019-01-18,call
5,SBUX190118C00045000,2018-07-03 12:39PM EDT,45.0,5.65,5.4,5.75,0.21,+3.86%,1,835,26.70%,2019-01-18,call
6,SBUX190118C00047000,2018-07-05 10:16AM EDT,47.0,4.02,3.95,4.1,-0.48,-10.67%,21,44,23.02%,2019-01-18,call
7,SBUX190118C00048000,2018-07-05 12:35PM EDT,48.0,3.6,3.4,3.55,0.0,-,27,5,22.82%,2019-01-18,call
8,SBUX190118C00049000,2018-07-05 3:44PM EDT,49.0,2.99,2.92,3.05,-0.14,-4.47%,191,134,22.62%,2019-01-18,call
9,SBUX190118C00050000,2018-07-03 12:55PM EDT,50.0,2.67,2.63,2.71,-0.16,-5.65%,706,4685,23.21%,2019-01-18,call
10,SBUX190118C00052500,2018-07-03 12:50PM EDT,52.5,1.74,1.68,1.76,-0.07,-3.87%,42,5485,22.60%,2019-01-18,call
11,SBUX190118C00055000,2018-07-03 11:55AM EDT,55.0,1.15,1.04,1.11,0.0,-,152,12360,22.32%,2019-01-18,call
12,SBUX190118C00057500,2018-07-03 12:52PM EDT,57.5,0.66,0.65,0.68,-0.04,-5.71%,108,7650,22.17%,2019-01-18,call
13,SBUX190118C00060000,2018-07-03 12:11PM EDT,60.0,0.41,0.38,0.43,-0.05,-10.87%,52,21333,22.46%,2019-01-18,call
14,SBUX190118C00062500,2018-07-03 12:55PM EDT,62.5,0.26,0.25,0.26,-0.02,-7.14%,39,14034,22.56%,2019-01-18,call
15,SBUX190118C00065000,2018-07-03 11:44AM EDT,65.0,0.17,0.15,0.19,-0.01,-5.56%,16,8784,23.58%,2019-01-18,call
16,SBUX190118C00067500,2018-07-03 12:32PM EDT,67.5,0.12,0.1,0.13,-0.01,-7.69%,10,3510,24.17%,2019-01-18,call
17,SBUX190118C00070000,2018-07-02 3:50PM EDT,70.0,0.09,0.08,0.11,0.0,-,73,12206,25.59%,2019-01-18,call
18,SBUX190118C00072500,2018-06-27 10:11AM EDT,72.5,0.07,0.07,0.1,-0.05,-41.67%,1,646,27.15%,2019-01-18,call
19,SBUX190118C00075000,2018-07-03 11:43AM EDT,75.0,0.06,0.04,0.07,-0.02,-25.00%,3,1902,27.44%,2019-01-18,call
20,SBUX190118C00080000,2018-06-26 10:58AM EDT,80.0,0.04,0.04,0.06,0.0,-,10,6673,30.18%,2019-01-18,call
21,SBUX190118C00085000,2018-06-21 9:41AM EDT,85.0,0.04,0.0,0.06,0.0,-,16,883,33.20%,2019-01-18,call
22,SBUX190118C00090000,2018-06-25 11:17AM EDT,90.0,0.02,0.0,0.04,0.0,-,150,1197,34.38%,2019-01-18,call
0,SBUX190621C00030000,2018-06-28 3:50PM EDT,30.0,18.68,17.75,21.9,0.0,-,60,72,67.02%,2019-06-21,call
1,SBUX190621C00035000,2018-07-02 9:30AM EDT,35.0,14.6,13.8,15.15,0.0,-,1,9,37.55%,2019-06-21,call
2,SBUX190621C00040000,2018-07-03 10:29AM EDT,40.0,10.1,9.95,10.2,0.05,+0.50%,2,334,27.17%,2019-06-21,call
3,SBUX190621C00045000,2018-07-02 11:48AM EDT,45.0,6.55,6.4,6.55,0.0,-,17,272,24.70%,2019-06-21,call
4,SBUX190621C00047000,2018-07-05 6:35PM EDT,47.0,5.2,5.05,5.2,0.0,-,11,1,23.26%,2019-06-21,call
5,SBUX190621C00050000,2018-07-05 3:59PM EDT,50.0,3.6,3.55,3.7,-0.22,-5.76%,93,1311,22.61%,2019-06-21,call
6,SBUX190621C00052500,2018-07-03 12:50PM EDT,52.5,2.8,2.73,2.85,0.02,+0.72%,29,417,22.93%,2019-06-21,call
7,SBUX190621C00055000,2018-07-05 1:16PM EDT,55.0,1.96,1.83,2.06,-0.08,-3.92%,41,1538,22.53%,2019-06-21,call
8,SBUX190621C00057500,2018-07-05 1:32PM EDT,57.5,1.34,1.3,1.36,-0.14,-9.46%,4,250,21.57%,2019-06-21,call
9,SBUX190621C00060000,2018-07-05 1:32PM EDT,60.0,0.92,0.9,0.96,-0.16,-14.81%,1,656,21.56%,2019-06-21,call
10,SBUX190621C00062500,2018-07-05 3:59PM EDT,62.5,0.65,0.61,0.68,-0.05,-7.14%,11,148,21.66%,2019-06-21,call
11,SBUX190621C00065000,2018-07-05 10:49AM EDT,65.0,0.45,0.41,0.49,-0.08,-15.09%,7,258,21.88%,2019-06-21,call
12,SBUX190621C00067500,2018-06-28 12:18PM EDT,67.5,0.31,0.34,0.41,0.0,-,1,102,22.88%,2019-06-21,call
13,SBUX190621C00070000,2018-07-05 3:58PM EDT,70.0,0.24,0.2,0.27,-0.04,-14.29%,80,168,22.58%,2019-06-21,call
14,SBUX190621C00075000,2018-07-03 11:24AM EDT,75.0,0.16,0.1,0.17,0.0,-,2,11,23.68%,2019-06-21,call
15,SBUX190621C00080000,2018-06-27 9:30AM EDT,80.0,0.11,0.09,0.14,-0.02,-15.38%,2,32,25.64%,2019-06-21,call
16,SBUX190621C00085000,2018-06-29 10:13AM EDT,85.0,0.08,0.04,0.1,0.03,+60.00%,1,137,26.76%,2019-06-21,call
0,SBUX200117C00030000,2018-07-03 12:34PM EDT,30.0,19.45,17.1,21.4,0.43,+2.26%,3,147,49.30%,2020-01-17,call
1,SBUX200117C00035000,2018-07-03 11:45AM EDT,35.0,15.25,14.7,15.9,0.3,+2.01%,6,4475,34.96%,2020-01-17,call
2,SBUX200117C00040000,2018-07-03 12:55PM EDT,40.0,11.0,10.65,11.35,0.0,-,5,3574,28.03%,2020-01-17,call
3,SBUX200117C00043000,2018-07-05 1:32PM EDT,43.0,8.8,7.5,9.1,-0.2,-2.22%,45,4,26.03%,2020-01-17,call
4,SBUX200117C00045000,2018-07-03 12:48PM EDT,45.0,7.7,7.5,7.8,0.1,+1.32%,10,786,25.21%,2020-01-17,call
5,SBUX200117C00047000,2018-07-05 1:26PM EDT,47.0,6.5,6.25,6.55,-0.32,-4.69%,37,88,24.20%,2020-01-17,call
6,SBUX200117C00050000,2018-07-03 12:39PM EDT,50.0,5.2,4.9,5.2,-0.05,-0.95%,27,3129,24.12%,2020-01-17,call
7,SBUX200117C00052500,2018-07-03 11:42AM EDT,52.5,4.25,3.9,4.2,0.15,+3.66%,84,843,23.83%,2020-01-17,call
8,SBUX200117C00055000,2018-07-03 12:50PM EDT,55.0,3.3,3.05,3.35,0.0,-,22,2971,23.55%,2020-01-17,call
9,SBUX200117C00057500,2018-07-03 12:55PM EDT,57.5,2.58,2.37,2.6,-0.03,-1.15%,31,1629,23.08%,2020-01-17,call
10,SBUX200117C00060000,2018-07-03 12:27PM EDT,60.0,2.01,1.82,2.04,0.04,+2.03%,12,2466,22.93%,2020-01-17,call
11,SBUX200117C00062500,2018-07-03 12:58PM EDT,62.5,1.59,1.28,1.79,0.05,+3.25%,14,1304,23.87%,2020-01-17,call
12,SBUX200117C00065000,2018-07-03 10:31AM EDT,65.0,1.21,1.2,1.42,0.02,+1.68%,2,1505,23.82%,2020-01-17,call
13,SBUX200117C00067500,2018-07-02 3:47PM EDT,67.5,0.95,0.8,0.98,0.0,-,12,633,22.80%,2020-01-17,call
14,SBUX200117C00070000,2018-07-03 11:25AM EDT,70.0,0.75,0.66,0.96,0.03,+4.17%,2,4325,24.29%,2020-01-17,call
15,SBUX200117C00075000,2018-06-27 10:56AM EDT,75.0,0.51,0.47,0.57,-0.16,-23.88%,8,4946,23.93%,2020-01-17,call
16,SBUX200117C00080000,2018-06-25 2:24PM EDT,80.0,0.37,0.3,0.39,0.0,-,317,671,24.39%,2020-01-17,call
17,SBUX200117C00085000,2018-07-02 3:11PM EDT,85.0,0.2,0.16,0.39,0.0,-,2,3044,26.59%,2020-01-17,call
18,SBUX200117C00090000,2018-07-03 11:03AM EDT,90.0,0.18,0.16,0.2,0.03,+20.00%,26,228,25.44%,2020-01-17,call
0,SBUX180706P00037500,2018-06-29 11:48PM EDT,37.5,0.01,0.0,0.03,0.0,-,4,0,150.00%,2018-07-06,put
1,SBUX180706P00040000,2018-06-29 11:48PM EDT,40.0,0.04,0.0,0.06,0.0,-,2,2,128.13%,2018-07-06,put
2,SBUX180706P00043500,2018-06-29 11:48PM EDT,43.5,0.02,0.0,0.1,0.0,-,2,0,86.72%,2018-07-06,put
3,SBUX180706P00044000,2018-06-29 11:48PM EDT,44.0,0.04,0.0,0.12,0.0,-,3,3,82.03%,2018-07-06,put
4,SBUX180706P00045000,2018-07-05 3:22PM EDT,45.0,0.04,0.0,0.01,0.03,+300.00%,6,91,48.44%,2018-07-06,put
5,SBUX180706P00045500,2018-07-03 9:49AM EDT,45.5,0.02,0.0,0.03,0.0,-,1,7,51.56%,2018-07-06,put
6,SBUX180706P00046000,2018-07-02 12:00PM EDT,46.0,0.02,0.0,0.02,0.0,-,31,304,41.41%,2018-07-06,put
7,SBUX180706P00046500,2018-07-03 11:04AM EDT,46.5,0.02,0.0,0.02,0.0,-,6,213,34.38%,2018-07-06,put
8,SBUX180706P00047000,2018-07-05 3:01PM EDT,47.0,0.01,0.01,0.02,-0.02,-66.67%,309,525,27.34%,2018-07-06,put
9,SBUX180706P00047500,2018-07-05 1:56PM EDT,47.5,0.02,0.02,0.03,-0.02,-50.00%,64,262,22.46%,2018-07-06,put
10,SBUX180706P00048000,2018-07-05 3:40PM EDT,48.0,0.05,0.03,0.06,-0.06,-54.55%,219,568,18.16%,2018-07-06,put
11,SBUX180706P00048500,2018-07-05 3:56PM EDT,48.5,0.17,0.15,0.19,-0.03,-15.00%,387,513,16.80%,2018-07-06,put
12,SBUX180706P00049000,2018-07-05 3:59PM EDT,49.0,0.46,0.45,0.52,0.02,+4.55%,154,640,19.73%,2018-07-06,put
13,SBUX180706P00049500,2018-07-05 3:01PM EDT,49.5,0.93,0.86,0.97,0.15,+19.23%,13,193,25.20%,2018-07-06,put
14,SBUX180706P00050000,2018-07-05 3:57PM EDT,50.0,1.38,1.35,1.46,0.2,+16.95%,131,512,32.42%,2018-07-06,put
15,SBUX180706P00050500,2018-07-05 11:28AM EDT,50.5,1.97,1.83,1.98,0.39,+24.68%,4,86,43.16%,2018-07-06,put
16,SBUX180706P00051000,2018-07-05 1:38PM EDT,51.0,2.32,2.28,2.5,0.16,+7.41%,43,71,53.91%,2018-07-06,put
17,SBUX180706P00051500,2018-07-05 2:54PM EDT,51.5,2.85,2.78,2.99,0.14,+5.17%,29,52,59.77%,2018-07-06,put
18,SBUX180706P00052000,2018-07-05 2:21PM EDT,52.0,3.4,3.3,3.5,0.2,+6.25%,53,179,68.75%,2018-07-06,put
19,SBUX180706P00052500,2018-06-29 3:14PM EDT,52.5,3.4,3.45,3.7,1.07,+45.92%,20,60,0.00%,2018-07-06,put
20,SBUX180706P00053000,2018-07-05 10:34AM EDT,53.0,4.53,4.25,4.55,0.23,+5.35%,1,127,53.13%,2018-07-06,put
21,SBUX180706P00053500,2018-07-05 10:25AM EDT,53.5,4.99,4.8,4.95,0.29,+6.17%,10,96,78.13%,2018-07-06,put
22,SBUX180706P00054000,2018-07-05 3:53PM EDT,54.0,5.36,5.3,5.5,0.26,+5.10%,14,114,62.50%,2018-07-06,put
23,SBUX180706P00055000,2018-07-05 9:58AM EDT,55.0,6.32,6.3,6.45,0.57,+9.91%,11,429,95.70%,2018-07-06,put
24,SBUX180706P00055500,2018-06-29 3:41PM EDT,55.5,6.4,6.3,6.85,-0.6,-8.57%,4,46,0.00%,2018-07-06,put
25,SBUX180706P00056000,2018-07-05 11:47AM EDT,56.0,7.4,7.3,7.45,0.4,+5.71%,1,565,106.64%,2018-07-06,put
26,SBUX180706P00056500,2018-06-27 1:05PM EDT,56.5,6.21,6.25,6.45,1.08,+21.05%,8,1,0.00%,2018-07-06,put
27,SBUX180706P00057000,2018-07-05 12:27PM EDT,57.0,8.22,7.7,8.75,0.16,+1.99%,10,168,175.00%,2018-07-06,put
28,SBUX180706P00057500,2018-06-22 11:58PM EDT,57.5,6.0,6.2,6.35,0.0,-,2,0,0.00%,2018-07-06,put
29,SBUX180706P00058000,2018-06-26 1:57PM EDT,58.0,7.63,7.75,7.95,0.0,-,2,2,0.00%,2018-07-06,put
30,SBUX180706P00059000,2018-06-20 9:44AM EDT,59.0,4.81,5.95,9.3,0.0,-,1,3,0.00%,2018-07-06,put
31,SBUX180706P00060000,2018-06-20 9:47AM EDT,60.0,5.9,6.95,10.3,0.0,-,1,3,0.00%,2018-07-06,put
0,SBUX180713P00037500,2018-06-29 11:48PM EDT,37.5,0.01,0.0,0.02,0.0,-,2,26,67.19%,2018-07-13,put
1,SBUX180713P00040000,2018-06-29 11:48PM EDT,40.0,0.03,0.01,0.12,0.0,-,1,1,68.36%,2018-07-13,put
2,SBUX180713P00042500,2018-06-29 11:48PM EDT,42.5,0.06,0.0,0.12,0.0,-,2,2,57.03%,2018-07-13,put
3,SBUX180713P00043000,2018-07-02 11:13AM EDT,43.0,0.01,0.0,0.05,0.0,-,5,39,44.34%,2018-07-13,put
4,SBUX180713P00044000,2018-07-02 11:16AM EDT,44.0,0.03,0.0,0.06,0.0,-,10,16,38.67%,2018-07-13,put
5,SBUX180713P00044500,2018-07-02 3:12PM EDT,44.5,0.04,0.0,0.04,0.0,-,1,11,32.42%,2018-07-13,put
6,SBUX180713P00045000,2018-07-05 3:24PM EDT,45.0,0.04,0.03,0.07,-0.03,-42.86%,81,122,32.81%,2018-07-13,put
7,SBUX180713P00045500,2018-07-05 6:35PM EDT,45.5,0.08,0.03,0.07,0.0,-,50,50,29.00%,2018-07-13,put
8,SBUX180713P00046000,2018-07-05 11:47AM EDT,46.0,0.07,0.04,0.11,-0.05,-41.67%,8,254,28.42%,2018-07-13,put
9,SBUX180713P00046500,2018-07-05 11:53AM EDT,46.5,0.09,0.07,0.13,-0.06,-40.00%,5,5,25.59%,2018-07-13,put
10,SBUX180713P00047000,2018-07-05 3:57PM EDT,47.0,0.13,0.13,0.15,-0.04,-23.53%,221,191,22.27%,2018-07-13,put
11,SBUX180713P00047500,2018-07-05 3:09PM EDT,47.5,0.2,0.19,0.21,-0.04,-16.67%,34,129,20.31%,2018-07-13,put
12,SBUX180713P00048000,2018-07-05 3:54PM EDT,48.0,0.34,0.29,0.36,-0.02,-5.56%,548,453,20.41%,2018-07-13,put
13,SBUX180713P00048500,2018-07-05 3:56PM EDT,48.5,0.5,0.49,0.52,0.0,-,191,118,18.85%,2018-07-13,put
14,SBUX180713P00049000,2018-07-05 1:37PM EDT,49.0,0.74,0.73,0.91,0.0,-,85,277,22.85%,2018-07-13,put
15,SBUX180713P00049500,2018-07-05 1:04PM EDT,49.5,0.96,1.05,1.17,0.15,+18.52%,11,30,20.41%,2018-07-13,put
16,SBUX180713P00050000,2018-07-05 12:46PM EDT,50.0,1.35,1.45,1.54,0.23,+20.54%,9,372,19.73%,2018-07-13,put
17,SBUX180713P00050500,2018-07-05 6:35PM EDT,50.5,1.94,1.83,2.06,0.0,-,1,1,25.00%,2018-07-13,put
18,SBUX180713P00051000,2018-07-05 12:46PM EDT,51.0,2.29,2.18,2.57,-0.13,-5.37%,10,355,29.49%,2018-07-13,put
19,SBUX180713P00051500,2018-07-05 2:21PM EDT,51.5,2.84,2.7,2.99,0.04,+1.43%,25,2,28.22%,2018-07-13,put
20,SBUX180713P00052000,2018-07-05 2:21PM EDT,52.0,3.35,3.35,3.45,0.44,+15.12%,30,109,27.93%,2018-07-13,put
21,SBUX180713P00053000,2018-07-05 10:08AM EDT,53.0,4.46,4.25,4.55,0.57,+14.65%,1,79,42.77%,2018-07-13,put
22,SBUX180713P00054000,2018-07-05 12:28PM EDT,54.0,5.25,5.25,5.55,0.24,+4.79%,1,70,49.41%,2018-07-13,put
23,SBUX180713P00055000,2018-07-05 11:50AM EDT,55.0,6.31,6.3,6.45,0.46,+7.86%,2,482,45.12%,2018-07-13,put
24,SBUX180713P00056000,2018-07-05 10:03AM EDT,56.0,7.37,7.3,7.5,0.39,+5.59%,3,505,56.64%,2018-07-13,put
25,SBUX180713P00057000,2018-07-02 3:40PM EDT,57.0,8.02,8.3,8.45,0.0,-,1,102,55.47%,2018-07-13,put
26,SBUX180713P00058000,2018-06-27 12:52PM EDT,58.0,7.7,7.8,7.95,2.5,+48.08%,1,67,0.00%,2018-07-13,put
27,SBUX180713P00059000,2018-06-15 3:31PM EDT,59.0,2.24,2.13,2.38,-0.57,-20.28%,4,1,0.00%,2018-07-13,put
28,SBUX180713P00060000,2018-06-25 10:51AM EDT,60.0,9.87,9.7,10.2,0.0,-,2,0,0.00%,2018-07-13,put
0,SBUX180720P00035000,2018-06-26 1:26PM EDT,35.0,0.01,0.0,0.01,0.0,-,21,118,57.81%,2018-07-20,put
1,SBUX180720P00040000,2018-07-03 11:06AM EDT,40.0,0.03,0.01,0.02,0.0,-,7,468,42.58%,2018-07-20,put
2,SBUX180720P00045000,2018-07-03 12:59PM EDT,45.0,0.14,0.07,0.09,0.02,+16.67%,160,1160,25.98%,2018-07-20,put
3,SBUX180720P00046000,2018-07-05 3:32PM EDT,46.0,0.15,0.12,0.17,0.0,-,220,1791,24.32%,2018-07-20,put
4,SBUX180720P00047000,2018-07-05 3:59PM EDT,47.0,0.29,0.27,0.3,0.03,+11.54%,166,2500,22.07%,2018-07-20,put
5,SBUX180720P00048000,2018-07-05 3:21PM EDT,48.0,0.51,0.51,0.52,0.01,+2.00%,950,2604,19.53%,2018-07-20,put
6,SBUX180720P00049000,2018-07-05 3:56PM EDT,49.0,0.96,0.94,0.98,0.09,+10.34%,409,1752,18.90%,2018-07-20,put
7,SBUX180720P00050000,2018-07-03 12:57PM EDT,50.0,1.52,1.48,1.55,0.14,+10.14%,399,5581,15.14%,2018-07-20,put
8,SBUX180720P00050500,2018-07-05 1:34PM EDT,50.5,2.0,1.98,2.19,0.15,+8.11%,42,2551,23.34%,2018-07-20,put
9,SBUX180720P00051000,2018-07-05 3:32PM EDT,51.0,2.41,2.36,2.71,0.1,+4.33%,68,3073,27.34%,2018-07-20,put
10,SBUX180720P00051500,2018-07-05 1:04PM EDT,51.5,2.7,2.84,3.1,-0.05,-1.82%,11,511,26.37%,2018-07-20,put
11,SBUX180720P00052000,2018-07-05 2:01PM EDT,52.0,3.3,3.3,3.5,0.08,+2.48%,74,2114,24.32%,2018-07-20,put
12,SBUX180720P00052500,2018-07-03 12:54PM EDT,52.5,3.77,3.65,3.9,0.27,+7.71%,56,3063,17.19%,2018-07-20,put
13,SBUX180720P00053000,2018-07-05 11:04AM EDT,53.0,4.54,4.3,4.55,0.59,+14.94%,13,541,32.13%,2018-07-20,put
14,SBUX180720P00053500,2018-07-05 12:09PM EDT,53.5,4.73,4.8,4.95,0.35,+7.99%,55,1183,27.74%,2018-07-20,put
15,SBUX180720P00054000,2018-07-05 3:41PM EDT,54.0,5.36,5.25,5.6,0.3,+5.93%,31,1212,39.75%,2018-07-20,put
16,SBUX180720P00054500,2018-07-02 2:29PM EDT,54.5,5.63,5.75,6.1,0.0,-,6,179,42.29%,2018-07-20,put
17,SBUX180720P00055000,2018-07-03 12:56PM EDT,55.0,6.2,6.1,6.3,0.2,+3.33%,19,4320,0.00%,2018-07-20,put
18,SBUX180720P00055500,2018-07-03 10:56AM EDT,55.5,6.4,6.7,7.15,0.0,-,5,441,49.71%,2018-07-20,put
19,SBUX180720P00056000,2018-07-02 1:38PM EDT,56.0,7.33,7.2,7.55,0.0,-,4,887,46.19%,2018-07-20,put
20,SBUX180720P00056500,2018-07-02 11:33AM EDT,56.5,7.5,7.75,8.0,0.0,-,4,246,44.53%,2018-07-20,put
21,SBUX180720P00057000,2018-07-05 10:40AM EDT,57.0,8.5,8.1,8.8,0.4,+4.94%,10,314,64.26%,2018-07-20,put
22,SBUX180720P00057500,2018-07-03 12:50PM EDT,57.5,8.65,8.6,10.1,0.04,+0.46%,22,7408,68.95%,2018-07-20,put
23,SBUX180720P00058000,2018-07-03 11:29AM EDT,58.0,8.74,9.1,9.45,0.0,-,1,52,45.12%,2018-07-20,put
24,SBUX180720P00058500,2018-06-27 12:46PM EDT,58.5,8.2,8.3,8.45,3.4,+70.83%,125,121,0.00%,2018-07-20,put
25,SBUX180720P00059000,2018-06-27 12:46PM EDT,59.0,8.7,8.75,9.0,6.5,+295.45%,110,108,0.00%,2018-07-20,put
26,SBUX180720P00059500,2018-06-22 11:58PM EDT,59.5,7.2,8.05,8.35,0.0,-,2,66,0.00%,2018-07-20,put
27,SBUX180720P00060000,2018-07-02 10:49AM EDT,60.0,11.35,11.1,12.55,0.0,-,18,7835,79.30%,2018-07-20,put
28,SBUX180720P00062500,2018-06-27 12:46PM EDT,62.5,12.2,12.05,12.35,2.55,+26.42%,465,465,0.00%,2018-07-20,put
29,SBUX180720P00065000,2018-06-27 12:46PM EDT,65.0,14.7,14.6,14.8,7.25,+97.32%,140,140,0.00%,2018-07-20,put
30,SBUX180720P00067500,2018-06-22 9:46AM EDT,67.5,16.16,14.45,17.85,6.8,+72.65%,10,10,0.00%,2018-07-20,put
31,SBUX180720P00070000,2018-05-25 10:49AM EDT,70.0,11.84,11.8,12.3,-0.88,-6.92%,10,10,0.00%,2018-07-20,put
0,SBUX180727P00040000,2018-07-05 12:32PM EDT,40.0,0.06,0.03,0.09,-0.06,-50.00%,1,58,45.51%,2018-07-27,put
1,SBUX180727P00042500,2018-07-02 9:51AM EDT,42.5,0.13,0.1,0.15,0.0,-,6,9,37.70%,2018-07-27,put
2,SBUX180727P00043000,2018-07-03 12:50PM EDT,43.0,0.13,0.11,0.18,0.0,-,6,10,36.72%,2018-07-27,put
3,SBUX180727P00044000,2018-06-29 11:48PM EDT,44.0,0.22,0.16,0.25,0.0,-,18,31,34.57%,2018-07-27,put
4,SBUX180727P00045000,2018-07-05 3:42PM EDT,45.0,0.31,0.26,0.49,0.01,+3.33%,4,218,36.87%,2018-07-27,put
5,SBUX180727P00046000,2018-07-05 3:58PM EDT,46.0,0.48,0.38,0.48,0.01,+2.13%,38,91,29.98%,2018-07-27,put
6,SBUX180727P00047000,2018-07-05 2:15PM EDT,47.0,0.7,0.63,0.82,0.02,+2.94%,31,181,31.10%,2018-07-27,put
7,SBUX180727P00048000,2018-07-05 3:50PM EDT,48.0,1.0,1.0,1.06,0.05,+5.26%,87,332,27.78%,2018-07-27,put
8,SBUX180727P00049000,2018-07-05 3:01PM EDT,49.0,1.49,1.45,1.52,0.07,+4.93%,38,315,26.93%,2018-07-27,put
9,SBUX180727P00050000,2018-07-05 3:42PM EDT,50.0,2.06,2.02,2.1,0.16,+8.42%,106,733,26.07%,2018-07-27,put
10,SBUX180727P00051000,2018-07-05 1:50PM EDT,51.0,2.71,2.72,2.83,0.06,+2.26%,95,2415,26.07%,2018-07-27,put
11,SBUX180727P00052000,2018-07-05 2:50PM EDT,52.0,3.65,3.55,3.75,0.2,+5.80%,8,311,29.30%,2018-07-27,put
12,SBUX180727P00053000,2018-07-05 1:35PM EDT,53.0,4.47,4.15,4.9,0.05,+1.13%,20,247,38.87%,2018-07-27,put
13,SBUX180727P00054000,2018-07-05 9:30AM EDT,54.0,5.2,5.35,5.5,-0.01,-0.19%,1,101,28.22%,2018-07-27,put
14,SBUX180727P00055000,2018-07-05 11:47AM EDT,55.0,6.45,6.25,6.75,0.39,+6.44%,10,213,43.36%,2018-07-27,put
15,SBUX180727P00056000,2018-06-29 9:54AM EDT,56.0,7.23,4.7,9.35,1.52,+26.62%,47,112,91.46%,2018-07-27,put
16,SBUX180727P00057000,2018-07-05 12:29PM EDT,57.0,8.22,7.0,8.75,0.2,+2.49%,10,6,51.66%,2018-07-27,put
17,SBUX180727P00057500,2018-06-29 11:48PM EDT,57.5,8.45,6.4,10.85,0.0,-,6,0,99.32%,2018-07-27,put
18,SBUX180727P00058000,2018-06-20 10:30AM EDT,58.0,4.95,5.05,8.3,0.0,-,1,110,0.00%,2018-07-27,put
19,SBUX180727P00059000,2018-06-25 9:40AM EDT,59.0,7.9,8.65,9.35,0.0,-,1,3,0.00%,2018-07-27,put
20,SBUX180727P00060000,2018-06-22 11:58PM EDT,60.0,7.5,7.0,10.25,0.0,-,1,2,0.00%,2018-07-27,put
0,SBUX180803P00037500,2018-06-29 11:48PM EDT,37.5,0.02,0.0,0.11,0.0,-,3,3,52.54%,2018-08-03,put
1,SBUX180803P00040000,2018-07-03 9:33AM EDT,40.0,0.13,0.04,0.11,0.0,-,11,17,41.41%,2018-08-03,put
2,SBUX180803P00042500,2018-06-29 11:48PM EDT,42.5,0.25,0.1,0.22,0.0,-,3,2,36.33%,2018-08-03,put
3,SBUX180803P00043000,2018-07-05 12:39PM EDT,43.0,0.17,0.13,0.2,0.0,-,4,11,33.11%,2018-08-03,put
4,SBUX180803P00044000,2018-07-05 1:25PM EDT,44.0,0.25,0.22,0.3,-0.07,-21.87%,15,26,32.03%,2018-08-03,put
5,SBUX180803P00045000,2018-07-03 11:47AM EDT,45.0,0.32,0.28,0.44,0.0,-,16,178,30.96%,2018-08-03,put
6,SBUX180803P00046000,2018-07-05 3:55PM EDT,46.0,0.55,0.47,0.59,0.06,+12.24%,33,153,28.86%,2018-08-03,put
7,SBUX180803P00047000,2018-07-05 11:53AM EDT,47.0,0.73,0.75,0.91,0.09,+14.06%,11,162,29.05%,2018-08-03,put
8,SBUX180803P00048000,2018-07-05 3:14PM EDT,48.0,1.11,1.07,1.35,0.14,+14.43%,370,175,29.64%,2018-08-03,put
9,SBUX180803P00049000,2018-07-05 3:14PM EDT,49.0,1.55,1.54,1.74,0.08,+5.44%,4,102,27.54%,2018-08-03,put
10,SBUX180803P00050000,2018-07-05 1:38PM EDT,50.0,2.09,2.11,2.29,0.09,+4.50%,4,119,26.49%,2018-08-03,put
11,SBUX180803P00051000,2018-07-05 10:30AM EDT,51.0,2.98,2.63,3.0,0.18,+6.43%,1,185,26.61%,2018-08-03,put
12,SBUX180803P00052000,2018-07-05 12:39PM EDT,52.0,3.47,3.6,3.8,0.1,+2.97%,5,389,26.95%,2018-08-03,put
13,SBUX180803P00053000,2018-07-02 10:26AM EDT,53.0,4.56,4.2,4.9,0.0,-,1,34,34.03%,2018-08-03,put
14,SBUX180803P00054000,2018-07-05 3:41PM EDT,54.0,5.4,5.3,5.55,0.2,+3.85%,10,45,27.05%,2018-08-03,put
15,SBUX180803P00055000,2018-07-03 10:07AM EDT,55.0,5.99,6.3,6.55,0.0,-,1,69,30.47%,2018-08-03,put
16,SBUX180803P00056000,2018-06-28 9:37AM EDT,56.0,6.84,4.75,9.25,0.0,-,1,21,78.03%,2018-08-03,put
17,SBUX180803P00057000,2018-06-29 2:21PM EDT,57.0,8.27,5.85,10.1,1.14,+15.99%,17,18,79.47%,2018-08-03,put
18,SBUX180803P00058000,2018-06-27 2:37PM EDT,58.0,7.66,7.7,8.05,0.0,-,1,0,0.00%,2018-08-03,put
0,SBUX180810P00040000,2018-07-05 6:35PM EDT,40.0,0.06,0.07,0.14,0.0,-,1,0,39.26%,2018-08-10,put
1,SBUX180810P00042500,2018-07-05 3:21PM EDT,42.5,0.18,0.16,0.24,-0.19,-51.35%,1,14,33.50%,2018-08-10,put
2,SBUX180810P00043000,2018-07-05 3:21PM EDT,43.0,0.21,0.19,0.28,-0.03,-12.50%,1,15,32.72%,2018-08-10,put
3,SBUX180810P00044000,2018-07-05 3:21PM EDT,44.0,0.3,0.3,0.37,-0.03,-9.09%,1,111,30.91%,2018-08-10,put
4,SBUX180810P00045000,2018-07-05 3:21PM EDT,45.0,0.44,0.4,0.56,-0.02,-4.35%,28,27,30.71%,2018-08-10,put
5,SBUX180810P00046000,2018-07-05 3:21PM EDT,46.0,0.65,0.59,0.78,0.01,+1.56%,5,25,29.83%,2018-08-10,put
6,SBUX180810P00047000,2018-07-05 3:22PM EDT,47.0,0.91,0.89,1.0,0.05,+5.81%,18,35,27.74%,2018-08-10,put
7,SBUX180810P00047500,2018-07-05 3:22PM EDT,47.5,1.1,1.06,1.18,0.05,+4.76%,6,65,27.49%,2018-08-10,put
8,SBUX180810P00048000,2018-07-05 3:55PM EDT,48.0,1.33,1.31,1.39,0.22,+19.82%,8,14,27.34%,2018-08-10,put
9,SBUX180810P00049000,2018-07-05 3:16PM EDT,49.0,1.83,1.78,1.94,0.16,+9.58%,13,34,28.05%,2018-08-10,put
10,SBUX180810P00050000,2018-07-05 3:16PM EDT,50.0,2.42,2.38,2.61,0.19,+8.52%,12,5,29.27%,2018-08-10,put
11,SBUX180810P00051000,2018-07-05 2:04PM EDT,51.0,3.1,3.1,3.35,0.19,+6.53%,7,33,30.42%,2018-08-10,put
12,SBUX180810P00052000,2018-07-05 11:15AM EDT,52.0,4.09,3.75,4.1,0.48,+13.30%,2,22,30.62%,2018-08-10,put
13,SBUX180810P00052500,2018-07-05 2:08PM EDT,52.5,4.37,4.05,4.7,0.34,+8.44%,12,25,34.89%,2018-08-10,put
14,SBUX180810P00054000,2018-06-29 11:48PM EDT,54.0,6.5,3.1,7.65,0.0,-,6,6,68.41%,2018-08-10,put
15,SBUX180810P00055000,2018-07-05 10:58AM EDT,55.0,6.84,6.6,6.9,0.54,+8.57%,12,20,38.28%,2018-08-10,put
16,SBUX180810P00056000,2018-07-05 6:35PM EDT,56.0,7.47,7.3,8.0,0.0,-,1,0,44.34%,2018-08-10,put
17,SBUX180810P00057000,2018-06-29 11:48PM EDT,57.0,8.4,6.2,10.2,0.0,-,5,0,73.46%,2018-08-10,put
0,SBUX180817P00035000,2018-07-03 11:36AM EDT,35.0,0.03,0.0,0.05,0.0,-,3,71,46.29%,2018-08-17,put
1,SBUX180817P00040000,2018-07-05 12:01PM EDT,40.0,0.1,0.08,0.11,-0.01,-9.09%,2,271,34.18%,2018-08-17,put
2,SBUX180817P00041000,2018-07-05 2:09PM EDT,41.0,0.13,0.12,0.14,-0.01,-7.14%,2,58,32.23%,2018-08-17,put
3,SBUX180817P00042000,2018-07-05 3:49PM EDT,42.0,0.18,0.17,0.19,0.01,+5.88%,32,88,30.76%,2018-08-17,put
4,SBUX180817P00043000,2018-07-05 3:10PM EDT,43.0,0.25,0.24,0.26,0.01,+4.17%,22,73,29.40%,2018-08-17,put
5,SBUX180817P00044000,2018-07-05 1:13PM EDT,44.0,0.33,0.35,0.36,-0.03,-8.33%,88,584,28.08%,2018-08-17,put
6,SBUX180817P00045000,2018-07-05 3:57PM EDT,45.0,0.49,0.49,0.5,-0.01,-2.00%,193,3501,26.88%,2018-08-17,put
7,SBUX180817P00046000,2018-07-05 3:44PM EDT,46.0,0.71,0.71,0.74,0.02,+2.90%,100,121,26.61%,2018-08-17,put
8,SBUX180817P00047000,2018-07-05 3:58PM EDT,47.0,1.02,1.0,1.03,0.02,+2.00%,284,228,25.93%,2018-08-17,put
9,SBUX180817P00048000,2018-07-05 3:54PM EDT,48.0,1.4,1.39,1.43,0.03,+2.19%,256,412,25.68%,2018-08-17,put
10,SBUX180817P00049000,2018-07-05 3:39PM EDT,49.0,1.87,1.88,1.92,0.07,+3.89%,693,349,25.44%,2018-08-17,put
11,SBUX180817P00050000,2018-07-05 3:58PM EDT,50.0,2.48,2.48,2.55,0.07,+2.90%,204,10827,25.93%,2018-08-17,put
12,SBUX180817P00052500,2018-07-05 3:49PM EDT,52.5,4.4,4.25,4.45,0.2,+4.76%,369,3912,27.25%,2018-08-17,put
13,SBUX180817P00055000,2018-07-05 3:29PM EDT,55.0,6.65,6.6,6.85,0.1,+1.53%,85,6075,33.89%,2018-08-17,put
14,SBUX180817P00057500,2018-07-05 11:56AM EDT,57.5,9.25,8.9,9.4,0.75,+8.82%,6,1542,42.92%,2018-08-17,put
15,SBUX180817P00060000,2018-07-05 9:30AM EDT,60.0,11.79,11.15,12.0,0.15,+1.29%,1,211,52.69%,2018-08-17,put
16,SBUX180817P00062500,2018-06-29 1:56PM EDT,62.5,13.9,13.5,14.0,7.74,+125.65%,3,41,40.23%,2018-08-17,put
17,SBUX180817P00065000,2018-07-05 9:30AM EDT,65.0,16.69,16.1,17.0,3.04,+22.27%,1,14,65.58%,2018-08-17,put
0,SBUX180824P00037500,2018-07-05 6:35PM EDT,37.5,0.07,0.0,0.1,0.0,-,3,0,39.45%,2018-08-24,put
1,SBUX180824P00042000,2018-07-05 6:35PM EDT,42.0,0.16,0.07,0.31,0.0,-,10,0,32.62%,2018-08-24,put
2,SBUX180824P00044000,2018-07-05 6:35PM EDT,44.0,0.37,0.29,0.54,0.0,-,1,0,30.18%,2018-08-24,put
3,SBUX180824P00048000,2018-07-05 6:35PM EDT,48.0,1.46,1.25,1.62,0.0,-,4,0,26.51%,2018-08-24,put
4,SBUX180824P00052000,2018-07-05 6:35PM EDT,52.0,3.87,3.75,4.35,0.0,-,1,0,30.20%,2018-08-24,put
5,SBUX180824P00052500,2018-07-05 6:35PM EDT,52.5,4.51,4.25,4.6,0.0,-,14,0,28.00%,2018-08-24,put
6,SBUX180824P00053000,2018-07-05 6:35PM EDT,53.0,4.89,2.97,5.05,0.0,-,10,0,28.96%,2018-08-24,put
7,SBUX180824P00056000,2018-07-05 6:35PM EDT,56.0,7.47,5.7,8.1,0.0,-,2,0,39.84%,2018-08-24,put
0,SBUX180921P00030000,2018-06-25 12:14PM EDT,30.0,0.03,0.0,0.02,0.0,-,5,157,42.97%,2018-09-21,put
1,SBUX180921P00035000,2018-06-22 9:41AM EDT,35.0,0.05,0.03,0.09,0.01,+25.00%,6,359,38.09%,2018-09-21,put
2,SBUX180921P00038000,2018-07-05 6:35PM EDT,38.0,0.11,0.08,0.12,0.0,-,1,1,31.45%,2018-09-21,put
3,SBUX180921P00040000,2018-07-03 9:39AM EDT,40.0,0.18,0.16,0.21,-0.02,-10.00%,13,855,29.44%,2018-09-21,put
4,SBUX180921P00041000,2018-07-05 10:49AM EDT,41.0,0.24,0.22,0.25,-0.01,-4.00%,10,2,27.69%,2018-09-21,put
5,SBUX180921P00042000,2018-07-05 10:09AM EDT,42.0,0.33,0.29,0.33,-0.02,-5.71%,1,10,26.71%,2018-09-21,put
6,SBUX180921P00043000,2018-07-05 2:58PM EDT,43.0,0.41,0.37,0.43,0.0,-,6,10,25.64%,2018-09-21,put
7,SBUX180921P00044000,2018-07-05 2:58PM EDT,44.0,0.56,0.55,0.58,0.03,+5.66%,3,9,24.95%,2018-09-21,put
8,SBUX180921P00045000,2018-07-03 12:52PM EDT,45.0,0.75,0.71,0.81,0.02,+2.74%,124,7573,24.78%,2018-09-21,put
9,SBUX180921P00046000,2018-07-05 11:42AM EDT,46.0,1.01,0.99,1.03,0.12,+13.48%,57,37,23.71%,2018-09-21,put
10,SBUX180921P00047000,2018-07-05 3:51PM EDT,47.0,1.31,1.31,1.37,0.05,+3.97%,237,2003,23.41%,2018-09-21,put
11,SBUX180921P00048000,2018-07-05 3:51PM EDT,48.0,1.71,1.71,1.78,0.05,+3.01%,283,210,23.12%,2018-09-21,put
12,SBUX180921P00049000,2018-07-05 3:54PM EDT,49.0,2.22,2.2,2.26,0.05,+2.30%,97,238,22.75%,2018-09-21,put
13,SBUX180921P00050000,2018-07-03 12:52PM EDT,50.0,2.69,2.69,2.82,0.09,+3.46%,125,12323,22.44%,2018-09-21,put
14,SBUX180921P00052500,2018-07-03 10:45AM EDT,52.5,4.25,4.4,4.55,-0.15,-3.41%,6,6810,21.80%,2018-09-21,put
15,SBUX180921P00055000,2018-07-03 12:50PM EDT,55.0,6.55,6.55,6.95,-0.18,-2.67%,29,6690,27.05%,2018-09-21,put
16,SBUX180921P00057500,2018-07-03 12:50PM EDT,57.5,8.9,8.8,9.3,0.15,+1.71%,1,1598,30.03%,2018-09-21,put
17,SBUX180921P00060000,2018-07-03 10:26AM EDT,60.0,10.94,11.1,11.75,-0.45,-3.95%,2,1396,33.94%,2018-09-21,put
18,SBUX180921P00062500,2018-06-27 9:30AM EDT,62.5,12.35,12.35,12.45,1.5,+13.82%,12,892,0.00%,2018-09-21,put
19,SBUX180921P00065000,2018-06-27 9:46AM EDT,65.0,14.8,14.7,15.0,4.18,+39.36%,10,294,0.00%,2018-09-21,put
20,SBUX180921P00067500,2018-06-25 10:02AM EDT,67.5,17.14,16.9,17.7,0.0,-,5,97,0.00%,2018-09-21,put
21,SBUX180921P00070000,2018-05-22 3:42PM EDT,70.0,12.9,11.5,12.65,0.0,-,1,15,0.00%,2018-09-21,put
22,SBUX180921P00072500,2018-03-03 12:45AM EDT,72.5,14.9,14.2,18.75,0.0,-,50,50,0.00%,2018-09-21,put
23,SBUX180921P00075000,2017-06-02 11:47PM EDT,75.0,12.85,18.5,23.25,0.0,-,16,16,0.00%,2018-09-21,put
24,SBUX180921P00085000,2018-02-17 12:45AM EDT,85.0,28.6,27.0,31.1,0.0,-,1,0,0.00%,2018-09-21,put
0,SBUX181019P00035000,2018-07-02 10:06AM EDT,35.0,0.1,0.06,0.1,0.0,-,3,161,33.30%,2018-10-19,put
1,SBUX181019P00039000,2018-06-29 11:48PM EDT,39.0,0.23,0.18,0.24,0.0,-,10,0,28.76%,2018-10-19,put
2,SBUX181019P00040000,2018-07-03 12:54PM EDT,40.0,0.27,0.23,0.28,0.0,-,15,1019,27.20%,2018-10-19,put
3,SBUX181019P00042000,2018-07-02 2:21PM EDT,42.0,0.43,0.4,0.43,0.0,-,1,4,24.90%,2018-10-19,put
4,SBUX181019P00043000,2018-07-05 2:03PM EDT,43.0,0.54,0.52,0.59,-0.01,-1.82%,2,8,24.63%,2018-10-19,put
5,SBUX181019P00044000,2018-07-05 3:50PM EDT,44.0,0.72,0.7,0.73,-0.01,-1.37%,128,4,23.54%,2018-10-19,put
6,SBUX181019P00045000,2018-07-05 10:25AM EDT,45.0,0.98,0.91,0.95,0.07,+7.69%,7,6281,23.00%,2018-10-19,put
7,SBUX181019P00046000,2018-07-05 11:45AM EDT,46.0,1.22,1.16,1.24,0.03,+2.52%,342,365,22.68%,2018-10-19,put
8,SBUX181019P00047000,2018-07-05 3:32PM EDT,47.0,1.54,1.5,1.59,0.04,+2.67%,182,84,22.36%,2018-10-19,put
9,SBUX181019P00048000,2018-07-05 3:33PM EDT,48.0,1.93,1.89,1.99,0.04,+2.12%,122,64,21.90%,2018-10-19,put
10,SBUX181019P00049000,2018-07-05 10:25AM EDT,49.0,2.49,2.38,2.48,0.28,+12.67%,2,89,21.64%,2018-10-19,put
11,SBUX181019P00050000,2018-07-05 9:35AM EDT,50.0,2.93,2.94,3.05,0.01,+0.34%,3,4851,21.51%,2018-10-19,put
12,SBUX181019P00052500,2018-07-05 2:39PM EDT,52.5,4.76,4.65,4.8,0.41,+9.43%,13,3204,21.68%,2018-10-19,put
13,SBUX181019P00055000,2018-07-02 11:14AM EDT,55.0,6.62,5.95,6.9,0.0,-,11,913,22.51%,2018-10-19,put
14,SBUX181019P00057500,2018-07-05 2:50PM EDT,57.5,9.25,8.9,9.65,0.49,+5.59%,41,1674,31.35%,2018-10-19,put
15,SBUX181019P00060000,2018-06-27 9:51AM EDT,60.0,9.9,9.85,10.2,0.1,+1.02%,5,354,0.00%,2018-10-19,put
16,SBUX181019P00062500,2018-07-05 10:50AM EDT,62.5,14.3,13.95,15.95,3.24,+29.29%,25,310,57.96%,2018-10-19,put
17,SBUX181019P00065000,2018-04-11 2:21PM EDT,65.0,6.7,7.2,8.45,0.0,-,29,268,0.00%,2018-10-19,put
18,SBUX181019P00067500,2018-04-13 11:50PM EDT,67.5,8.75,8.75,9.35,0.0,-,23,23,0.00%,2018-10-19,put
19,SBUX181019P00070000,2018-06-05 9:35AM EDT,70.0,14.0,11.75,15.1,0.0,-,5,5,0.00%,2018-10-19,put
0,SBUX190118P00030000,2018-06-27 12:09PM EDT,30.0,0.08,0.08,0.11,0.0,-,112,2314,34.67%,2019-01-18,put
1,SBUX190118P00035000,2018-07-02 12:15PM EDT,35.0,0.26,0.23,0.26,0.0,-,24,227984,29.64%,2019-01-18,put
2,SBUX190118P00037000,2018-07-05 6:35PM EDT,37.0,0.38,0.33,0.38,0.0,-,1,0,28.05%,2019-01-18,put
3,SBUX190118P00038000,2018-07-05 6:35PM EDT,38.0,0.43,0.41,0.46,0.0,-,9,0,27.32%,2019-01-18,put
4,SBUX190118P00039000,2018-07-02 1:45PM EDT,39.0,0.58,0.5,0.56,0.0,-,10,23,26.66%,2019-01-18,put
5,SBUX190118P00040000,2018-07-03 12:49PM EDT,40.0,0.63,0.63,0.69,-0.04,-5.97%,10,233748,26.17%,2019-01-18,put
6,SBUX190118P00041000,2018-07-05 6:35PM EDT,41.0,0.75,0.75,0.81,-0.08,-9.64%,10,20,25.27%,2019-01-18,put
7,SBUX190118P00042000,2018-07-05 1:26PM EDT,42.0,0.92,0.92,0.98,0.02,+2.22%,10,238,24.71%,2019-01-18,put
8,SBUX190118P00043000,2018-07-05 3:50PM EDT,43.0,1.12,1.11,1.18,0.06,+5.66%,17,56,24.15%,2019-01-18,put
9,SBUX190118P00044000,2018-07-03 12:55PM EDT,44.0,1.38,1.35,1.42,0.0,-,634,608,23.67%,2019-01-18,put
10,SBUX190118P00045000,2018-07-03 12:10PM EDT,45.0,1.55,1.62,1.71,-0.15,-8.82%,626,22074,23.29%,2019-01-18,put
11,SBUX190118P00046000,2018-07-05 11:49AM EDT,46.0,1.99,1.96,2.02,0.09,+4.74%,490,6,22.73%,2019-01-18,put
12,SBUX190118P00047000,2018-07-05 12:46PM EDT,47.0,2.33,2.33,2.43,-0.03,-1.27%,4,46,22.61%,2019-01-18,put
13,SBUX190118P00048000,2018-07-05 2:43PM EDT,48.0,2.83,2.77,2.85,0.08,+2.91%,6,46,22.19%,2019-01-18,put
14,SBUX190118P00049000,2018-07-05 2:58PM EDT,49.0,3.35,3.25,3.35,0.17,+5.35%,249,124,22.01%,2019-01-18,put
15,SBUX190118P00050000,2018-07-03 12:59PM EDT,50.0,3.75,3.75,3.95,0.0,-,107,24659,22.17%,2019-01-18,put
16,SBUX190118P00052500,2018-07-02 3:29PM EDT,52.5,5.3,5.3,5.5,0.0,-,16,14166,21.49%,2019-01-18,put
17,SBUX190118P00055000,2018-07-03 12:26PM EDT,55.0,6.95,7.1,7.35,-0.22,-3.07%,22,17981,21.00%,2019-01-18,put
18,SBUX190118P00057500,2018-07-03 12:13PM EDT,57.5,9.1,9.05,9.55,-0.27,-2.88%,19,7715,21.99%,2019-01-18,put
19,SBUX190118P00060000,2018-07-03 11:47AM EDT,60.0,11.2,10.9,11.85,-0.3,-2.61%,46,10345,22.93%,2019-01-18,put
20,SBUX190118P00062500,2018-07-03 11:56AM EDT,62.5,13.65,13.7,14.25,-0.47,-3.33%,18,1169,24.39%,2019-01-18,put
21,SBUX190118P00065000,2018-06-27 9:53AM EDT,65.0,14.9,14.65,15.15,0.65,+4.56%,9,539,0.00%,2019-01-18,put
22,SBUX190118P00067500,2018-06-04 12:44PM EDT,67.5,10.7,9.5,12.85,0.0,-,1,116,0.00%,2019-01-18,put
23,SBUX190118P00070000,2018-07-02 11:02AM EDT,70.0,21.15,20.55,23.15,0.0,-,1,891,49.61%,2019-01-18,put
24,SBUX190118P00072500,2017-08-30 2:30PM EDT,72.5,18.33,17.15,19.5,0.0,-,4,0,0.00%,2019-01-18,put
25,SBUX190118P00075000,2018-03-09 1:21PM EDT,75.0,16.6,16.25,21.0,0.0,-,10,26,0.00%,2019-01-18,put
26,SBUX190118P00080000,2018-04-30 10:22AM EDT,80.0,22.01,20.85,25.0,0.0,-,2,9,0.00%,2019-01-18,put
27,SBUX190118P00085000,2018-02-17 12:45AM EDT,85.0,28.43,26.25,31.0,0.0,-,1,0,0.00%,2019-01-18,put
28,SBUX190118P00090000,2018-06-27 12:46PM EDT,90.0,39.7,38.1,41.45,8.73,+28.19%,25,0,36.33%,2019-01-18,put
0,SBUX190621P00030000,2018-07-05 3:38PM EDT,30.0,0.29,0.25,0.31,0.01,+3.57%,3,125,31.74%,2019-06-21,put
1,SBUX190621P00035000,2018-07-05 1:48PM EDT,35.0,0.61,0.57,0.65,0.01,+1.67%,7,490,28.15%,2019-06-21,put
2,SBUX190621P00040000,2018-07-05 10:49AM EDT,40.0,1.35,1.27,1.36,0.06,+4.65%,5,6349,25.42%,2019-06-21,put
3,SBUX190621P00043000,2018-07-03 11:20AM EDT,43.0,1.95,1.98,2.08,0.0,-,22,50,24.16%,2019-06-21,put
4,SBUX190621P00045000,2018-07-05 1:48PM EDT,45.0,2.65,2.61,2.72,0.12,+4.74%,7,9559,23.44%,2019-06-21,put
5,SBUX190621P00047000,2018-07-05 2:45PM EDT,47.0,3.5,3.35,3.55,0.3,+9.37%,1502,27,23.06%,2019-06-21,put
6,SBUX190621P00050000,2018-07-03 11:20AM EDT,50.0,4.64,4.85,5.0,0.0,-,11,4019,22.16%,2019-06-21,put
7,SBUX190621P00052500,2018-06-29 3:33PM EDT,52.5,6.15,6.2,6.45,-0.21,-3.30%,11,2866,21.39%,2019-06-21,put
8,SBUX190621P00055000,2018-06-29 2:21PM EDT,55.0,8.07,7.9,8.15,-0.3,-3.58%,17,195,20.80%,2019-06-21,put
9,SBUX190621P00057500,2018-07-02 1:50PM EDT,57.5,10.1,9.65,10.35,0.0,-,25,254,22.27%,2019-06-21,put
10,SBUX190621P00060000,2018-07-03 10:42AM EDT,60.0,11.84,9.85,14.35,0.0,-,40,1639,34.55%,2019-06-21,put
11,SBUX190621P00062500,2018-06-20 12:31PM EDT,62.5,11.0,11.8,12.4,0.0,-,1,36,0.00%,2019-06-21,put
12,SBUX190621P00065000,2018-06-28 9:45AM EDT,65.0,16.54,14.05,18.7,0.0,-,12,43,36.24%,2019-06-21,put
13,SBUX190621P00067500,2018-06-22 11:58PM EDT,67.5,15.0,14.15,18.75,0.0,-,11,11,0.00%,2019-06-21,put
0,SBUX200117P00030000,2018-07-03 11:54AM EDT,30.0,0.58,0.45,0.7,-0.07,-10.77%,2,1479,30.69%,2020-01-17,put
1,SBUX200117P00035000,2018-07-02 9:35AM EDT,35.0,1.21,1.11,1.3,0.0,-,2,521,27.93%,2020-01-17,put
2,SBUX200117P00040000,2018-07-03 12:57PM EDT,40.0,2.15,2.09,2.2,-0.1,-4.44%,34,5424,25.07%,2020-01-17,put
3,SBUX200117P00043000,2018-07-05 2:14PM EDT,43.0,3.05,2.93,3.1,0.09,+3.04%,21,29,24.18%,2020-01-17,put
4,SBUX200117P00045000,2018-07-03 12:50PM EDT,45.0,3.65,3.6,3.9,-0.05,-1.35%,55,8104,23.93%,2020-01-17,put
5,SBUX200117P00047000,2018-07-05 11:35AM EDT,47.0,4.62,4.45,4.7,0.12,+2.67%,15,29,23.20%,2020-01-17,put
6,SBUX200117P00050000,2018-07-03 12:39PM EDT,50.0,5.9,5.85,6.1,-0.05,-0.84%,2,8096,22.12%,2020-01-17,put
7,SBUX200117P00052500,2018-07-03 11:36AM EDT,52.5,7.2,7.25,7.6,0.0,-,3,2049,21.81%,2020-01-17,put
8,SBUX200117P00055000,2018-07-02 12:58PM EDT,55.0,9.0,8.9,9.2,0.0,-,2,1250,21.23%,2020-01-17,put
9,SBUX200117P00057500,2018-07-02 1:43PM EDT,57.5,10.8,10.65,10.95,0.0,-,11,1458,20.61%,2020-01-17,put
10,SBUX200117P00060000,2018-06-26 3:48PM EDT,60.0,11.55,11.4,11.65,0.0,-,6,856,11.82%,2020-01-17,put
11,SBUX200117P00062500,2018-06-22 10:15AM EDT,62.5,13.05,12.7,12.95,-0.37,-2.76%,10,140,0.00%,2020-01-17,put
12,SBUX200117P00065000,2018-06-26 3:48PM EDT,65.0,15.6,15.4,15.8,0.0,-,5,203,0.00%,2020-01-17,put
13,SBUX200117P00067500,2018-03-12 11:05AM EDT,67.5,11.35,11.6,15.1,0.0,-,9,173,0.00%,2020-01-17,put
14,SBUX200117P00070000,2018-06-15 3:50PM EDT,70.0,14.1,12.95,15.2,-0.25,-1.74%,1,74,0.00%,2020-01-17,put
15,SBUX200117P00075000,2018-06-05 11:42AM EDT,75.0,19.52,16.75,20.95,0.0,-,2,6,0.00%,2020-01-17,put
16,SBUX200117P00080000,2018-06-20 2:57PM EDT,80.0,28.0,26.3,30.9,0.0,-,3,134,0.00%,2020-01-17,put
17,SBUX200117P00085000,2018-03-07 3:14PM EDT,85.0,27.91,26.3,31.0,0.0,-,2,6,0.00%,2020-01-17,put
18,SBUX200117P00090000,2018-06-27 1:03PM EDT,90.0,39.7,30.2,34.95,6.37,+19.11%,25,26,0.00%,2020-01-17,put
