Date,AAPL,ACN,ADBE,ADI,ADP,ADS,ADSK,AKAM,AMAT,AMD,ANSS,APH,ATVI,AVGO,CA,CDNS,CRM,CSCO,CSRA,CTL,CTSH,CTXS,DXC,EA,EBAY,FB,FFIV,FIS,FISV,FLIR,GLW,GOOG,GOOGL,GPN,HPE,HPQ,IBM,INTC,INTU,IPGP,IT,JNPR,KLAC,LRCX,MA,MCHP,MSFT,MSI,MU,NTAP,NVDA,ORCL,PAYX,PYPL,QCOM,QRVO,RHT,SNPS,STX,SWKS,SYMC,T,TEL,TSS,TTWO,TXN,V,VRSN,VZ,WDC,WU,XLNX,XRX
2017-12-18,175.703629,151.720001,176.740005,87.634064,117.991074,246.65245099999999,107.480003,65.66999799999999,53.302963,10.98,147.58999599999999,89.265167,65.67144,262.480927,33.494602,43.560001,105.08000200000001,38.19511,30.485338,17.199139000000002,71.693718,87.769997,95.743912,107.339996,38.18,180.820007,131.869995,94.946175,66.16999799999999,47.651657,32.124973,1077.140015,1085.089966,101.35140200000001,14.841399,21.165817,151.835068,45.948273,160.747314,212.649994,124.43,28.402759999999997,110.590309,188.594238,152.879303,88.582809,85.976128,94.040131,43.709998999999996,57.527687,197.777084,47.524925,69.737679,75.32,64.823616,67.050003,129.440002,87.91999799999999,41.918167,95.551781,28.493118,37.957253,95.614189,78.767052,110.32,102.701622,113.35266100000001,116.099998,52.650314,83.103577,19.377016,69.176575,30.043045000000003
2017-12-19,173.831268,152.220001,174.970001,87.494789,117.69271100000002,244.28790299999997,105.389999,66.82,52.863762,10.95,147.630005,88.616516,64.567131,261.795929,33.405258,43.759997999999996,104.260002,38.016441,30.216875,16.860001,71.753571,87.860001,94.765602,107.0,37.799999,179.509995,131.509995,94.696968,66.08000200000001,47.312782,32.065334,1070.680054,1079.780029,102.711288,14.741794,21.295057,151.73603799999998,46.723019,159.50028999999998,213.13999900000002,123.449997,28.243862,110.988045,185.641693,151.441559,89.20010400000001,85.428703,92.835892,43.98,57.707057999999996,195.988205,47.634499,68.754898,74.5,63.95110699999999,66.790001,128.860001,88.370003,41.740044,95.39226500000001,28.15498,37.552611999999996,95.534508,79.42501800000001,109.279999,103.527054,111.94510700000001,115.550003,52.235046000000004,83.71974200000001,19.406736,69.435211,29.755507
2017-12-20,173.642044,151.75,174.25,88.19117,117.215347,246.58261099999999,105.029999,66.629997,53.193165,10.98,147.350006,88.456841,64.049797,263.721924,33.305981,43.209998999999996,103.389999,38.453185999999995,30.246703999999998,16.617758,72.531654,88.139999,95.214821,108.449997,37.93,177.889999,131.449997,94.776718,65.79499799999999,46.983875,32.224369,1064.949951,1073.560059,101.711372,14.652147,21.334823999999998,151.45877099999998,47.239517,158.971542,211.80000299999998,123.660004,28.303448,111.81333899999998,188.354843,151.211929,89.82737,85.120148,91.661507,45.75,56.840106999999996,196.67778,47.714191,68.695328,74.0,64.050255,67.07,122.0,87.099998,41.096821000000006,97.13700899999999,28.0058,38.046078,95.853256,79.874367,108.75,104.223206,111.92513999999998,116.010002,52.17572,82.25882,19.287857000000002,68.62944,29.735676
2017-12-21,174.299362,154.199997,174.559998,88.19117,116.75785800000001,249.206573,104.43,65.839996,51.795708000000005,10.89,147.229996,88.267235,64.746208,259.641571,33.26627,42.48,103.620003,38.244735999999996,30.107502,16.927828,72.22242,88.139999,96.153198,107.970001,37.810001,177.449997,132.360001,94.557419,65.315002,47.213112,32.105095,1063.630005,1070.849976,100.361488,14.662107999999998,21.126049,150.022903,46.444904,158.243271,211.92999300000002,123.019997,28.482206,108.005035,185.172867,150.293365,89.07067099999999,85.100243,91.1838,44.419998,56.013011999999996,195.768341,47.096592,68.13942,74.019997,63.842041,67.480003,123.129997,86.480003,41.522339,97.196823,28.324049,38.371765,95.16595500000001,78.446434,110.459999,103.49722299999999,112.214638,114.190002,52.413016999999996,80.330803,19.079823,68.012688,29.45805
2017-12-22,174.299362,153.889999,175.0,88.390129,116.2407,251.41149900000002,103.889999,65.449997,51.965401,10.54,146.66000400000001,87.95787800000001,64.17913100000001,260.455658,33.276199,42.259997999999996,102.629997,38.264590999999996,30.057787,16.704966,71.524132,87.879997,95.723938,106.019997,37.759997999999996,177.199997,132.369995,94.01913499999999,65.160004,47.203148,32.184612,1060.119995,1068.859985,100.351486,14.652147,21.135992,151.01315300000002,46.385311,158.12356599999998,213.11999500000002,123.589996,28.660967,108.70106499999999,186.22023000000002,150.612885,88.53302,85.110199,90.327888,44.119999,56.102699,195.148727,47.176285,67.77211,73.889999,64.179153,67.690002,122.91999799999999,85.82,41.730145,96.77808399999999,28.164925,38.430981,94.578262,78.686089,109.139999,103.556892,112.494156,113.989998,52.590988,80.181732,18.901506,67.565033,29.329153
2017-12-26,169.877396,152.990005,174.440002,88.171272,116.926926,250.06458999999998,103.800003,65.41999799999999,50.957233,10.46,146.389999,87.608597,63.124565000000004,256.236359,33.405258,41.970001,102.540001,38.19511,30.107502,16.821241,71.065262,87.93,95.733925,105.059998,37.939999,175.990005,131.259995,93.82974200000001,65.699997,46.664936,32.184612,1056.73999,1065.849976,100.721458,14.682029,21.106165,151.339951,45.769489,158.552536,213.17999300000002,123.089996,28.660967,107.04052,183.846207,151.042191,88.244286,85.00071,90.238312,42.25,55.664242,197.317383,47.246014,68.34788499999999,74.269997,63.752811,65.900002,120.610001,85.349998,41.700459,94.913712,28.075418,38.549412,94.887054,78.995644,108.25,103.576782,112.793625,113.910004,52.620655000000006,79.505928,18.713283999999998,67.24670400000001,29.160593
2017-12-27,169.907272,153.320007,175.360001,88.63884,116.618629,249.845108,104.58000200000001,65.190002,51.586090000000006,10.53,146.66000400000001,87.907974,63.015129,257.248962,33.256347999999996,42.25,102.650002,38.274516999999996,30.316307000000002,16.540241,71.02535999999999,88.440002,94.565956,105.230003,37.610001000000004,177.619995,131.75,93.70015699999999,65.745003,47.023742999999996,32.154793,1049.369995,1060.199951,100.321495,14.612305,21.145933,151.637024,45.799285999999995,158.353012,214.61000099999998,123.970001,28.680826,106.672615,184.903549,151.162003,88.015289,85.309265,90.367699,42.48,55.953228,197.04754599999998,47.196209,67.901169,74.589996,63.990765,67.260002,121.220001,85.709999,41.670773,95.53184499999999,28.294211999999998,38.381634000000005,94.817329,79.18537099999999,107.800003,103.954689,113.82183799999999,114.379997,52.679974,80.459999,18.624125,67.555092,29.23
2017-12-28,170.385315,153.570007,175.550003,88.917389,116.66835,250.77298,105.07,65.43,51.626019,10.55,147.649994,88.416924,63.074825,258.53961200000003,33.256347999999996,42.290001000000004,102.790001,38.304295,29.878813,16.58869,71.214897,88.629997,94.805534,105.309998,37.919998,177.919998,132.080002,93.979263,65.995003,46.854305,32.105095,1048.140015,1055.949951,100.311493,14.552539999999999,21.026632,152.53813200000002,45.908546,158.20336899999998,215.25,123.889999,28.670896999999997,107.23938799999999,185.07312,151.53143300000002,88.224373,85.319214,90.13879399999999,41.810001,55.60445,197.27739,47.335663000000004,67.841599,74.16999799999999,63.832122999999996,67.360001,121.129997,85.650002,41.581715,96.24968,28.324049,38.667843,94.867126,79.584785,109.589996,104.243095,114.15126000000001,115.5,52.828289,80.639999,18.8916,68.14200600000001,29.450001
2017-12-29,168.542831,153.08999599999999,175.240005,88.569199,116.54901100000001,252.898071,104.83000200000001,65.040001,51.027107,10.28,147.58999599999999,87.618584,62.995231999999994,255.044998,33.037945,41.82,102.230003,38.016441,29.749553999999996,16.162346,70.845802,88.0,94.73565699999999,105.059998,37.740002000000004,176.46000700000002,131.220001,93.78987099999999,65.565002,46.465595,31.796967,1046.400024,1053.400024,100.231499,14.303523,20.887449,151.924194,45.848949,157.405273,214.13000499999998,123.150002,28.303448,104.475128,183.606827,151.12207,87.49754300000001,85.14005999999999,89.909882,41.119999,55.126132999999996,193.379822,47.096592,67.583504,73.620003,63.475184999999996,66.599998,120.099998,85.239998,41.403591,94.664459,27.906346999999997,38.371765,94.66791500000001,78.975662,109.779999,103.865189,113.82183799999999,114.440002,52.33392,79.529999,18.832161,67.06765,29.15
2018-01-02,171.56051599999998,153.83999599999999,177.699997,89.812729,115.35556799999999,254.74383500000002,107.120003,65.559998,52.94361899999999,10.98,148.550003,87.618584,63.980152000000004,265.082001,33.335766,42.049999,104.410004,38.572296,30.266592,16.86969,70.77597,88.690002,94.88539899999999,109.449997,38.060001,181.419998,132.580002,93.401115,65.175003,46.953976000000004,32.423164,1065.0,1073.209961,99.551552,14.552539999999999,21.195641000000002,152.746094,46.534298,158.34303300000002,222.33999599999999,124.849998,28.502069,105.52912099999999,188.80371100000002,151.67120400000002,90.016541,85.54813399999999,90.118889,43.669998,55.37525600000001,199.226196,46.449116,66.819115,73.839996,64.645142,68.879997,121.040001,86.029999,42.48222,98.133995,28.751694,38.036209,94.946815,78.36655400000001,112.879997,104.988968,114.31098899999999,109.470001,52.927158,81.379997,18.901506,67.525246,29.370001000000002
2018-01-03,171.53063999999998,154.550003,181.03999299999998,90.92693299999999,116.608681,259.472961,109.379997,65.940002,53.881907999999996,11.55,151.419998,88.756226,64.975021,267.980927,33.464817,42.93,105.290001,38.879996999999996,30.396276,16.549931,71.374504,89.650002,96.682281,109.75,39.220001,184.669998,134.03999299999998,93.949364,65.70500200000001,47.32275,33.218334000000006,1082.47998,1091.52002,101.70137,14.642185999999999,21.24535,156.944763,44.955013,158.781998,233.24000499999997,125.190002,28.611309000000002,106.76210800000001,192.01561,153.578217,91.370613,85.94626600000001,89.481941,44.98,56.869999,212.33804300000003,47.524925,67.782043,76.75,65.378853,68.389999,123.059998,87.059998,42.403053,99.629486,28.751694,37.157845,96.550514,78.666115,113.879997,107.833229,115.449005,110.900002,51.83955,82.66999799999999,18.8916,68.878136,29.33
2018-01-04,172.327393,156.380005,183.220001,90.827454,117.72255700000001,263.443787,112.07,65.599998,54.191345,12.12,151.820007,88.446861,64.328362,268.070251,33.534309,43.580002,106.68,38.990002000000004,30.735454999999998,16.443344,72.50173199999999,90.699997,99.008247,107.190002,38.57,184.330002,137.119995,94.647125,66.629997,47.45232,33.556282,1086.400024,1095.76001,103.641212,15.000770999999999,21.404417000000002,160.123459,44.130608,161.625214,236.809998,127.300003,28.59145,106.951027,192.893402,155.565079,91.58966099999999,86.702721,90.228371,46.880001,57.810001,213.457336,47.993103000000005,68.417374,76.730003,65.468086,68.720001,123.980003,87.889999,42.195244,100.466957,28.811365000000002,37.503269,96.998749,79.30519100000001,114.019997,107.694,115.878258,111.470001,52.007633,82.16999799999999,19.268045,70.121605,29.690001000000002
2018-01-05,174.289398,157.669998,185.33999599999999,91.195534,117.65293899999999,264.152191,110.839996,65.83000200000001,54.500781999999994,11.88,152.449997,89.524628,66.02959399999999,269.658722,33.78249,43.990002000000004,108.099998,39.529999,30.994825,16.472414,73.120216,91.480003,100.45573399999999,112.389999,39.689999,186.850006,136.179993,95.185402,67.290001,48.090199,33.437008,1102.22998,1110.290039,103.551216,14.99081,21.623133,160.905762,44.438519,163.720245,242.33999599999999,129.33999599999999,28.313378999999998,109.23800700000001,195.905792,158.78999299999998,91.85849,87.777672,91.442551,45.799999,58.849998,215.26622000000003,48.281979,68.208908,78.699997,65.90434300000001,68.029999,124.139999,88.93,42.492115000000005,100.92558299999999,29.348409999999998,37.641438,99.21006,79.82444,116.910004,108.51943200000001,118.65342700000001,113.0,51.888985,82.690002,20.407288,73.76248199999999,29.91
2018-01-08,173.642044,158.929993,185.03999299999998,91.354713,117.29490700000001,262.695526,111.41999799999999,65.879997,55.81838199999999,12.28,153.71000700000002,90.48264300000001,66.28825400000001,270.304016,33.623653000000004,44.919998,108.860001,39.939999,31.004801,16.695276,73.19004100000001,90.970001,100.375877,113.220001,39.799999,188.279999,137.619995,95.424644,67.425003,49.505493,33.566227000000005,1106.939941,1114.209961,104.171165,14.761714000000001,21.712608,161.876205,44.438519,163.820007,258.839996,130.309998,28.581518,109.53631599999999,197.38208,159.270004,92.216927,87.867249,92.37808199999999,45.549999,59.650002,221.86212200000003,48.790001000000004,67.782043,79.050003,65.706039,68.839996,125.209999,89.760002,45.520199,100.945518,29.408081,37.75,99.419235,81.022705,117.370003,109.03656799999999,119.13259099999999,114.309998,51.799999,81.440002,21.288960999999997,74.249916,30.26
2018-01-09,173.622116,159.46000700000002,186.699997,91.165695,118.11041999999999,267.34481800000003,112.110001,67.489998,54.760311,11.82,155.139999,90.622353,65.85051700000001,266.56124900000003,33.514454,45.07,109.150002,39.689999,30.695551000000002,16.026691,73.279816,91.190002,101.454002,112.18,39.529999,187.869995,137.83999599999999,95.73365,68.144997,49.226421,33.446949,1106.26001,1112.790039,104.801109,14.791597,21.682782999999997,162.232697,43.326065,164.850006,256.200012,128.949997,28.43255,108.581741,197.07286100000002,159.5,92.107399,87.807526,91.68141899999999,42.970001,59.669998,221.80215499999997,49.060001,67.32539399999999,79.190002,64.714546,69.0,124.150002,89.690002,45.906132,100.377235,28.851146999999997,37.490002000000004,98.433113,80.573357,114.910004,109.78244,118.902992,112.970001,51.610001000000004,80.620003,20.843172,74.448868,30.190001000000002
2018-01-10,173.582275,158.899994,187.110001,89.64361600000001,117.00649299999999,271.46536299999997,111.470001,66.33000200000001,53.203143999999995,11.96,152.110001,89.32504300000001,66.487228,260.932159,33.236492,44.84,108.800003,39.91,31.543495,16.937517,73.788567,90.82,101.054695,112.25,37.700001,187.83999599999999,139.0,96.969696,68.504997,49.545364,33.128883,1102.609985,1110.140015,103.56121800000001,15.130258999999999,21.921383,162.57926899999998,42.213612,163.509995,254.52999900000003,128.16000400000001,28.204138,105.678276,191.177719,159.860001,90.55418399999999,87.40939300000001,91.94017,43.310001,60.650002,223.541077,48.799999,67.04744000000001,79.370003,64.704643,67.739998,124.510002,89.339996,46.579037,98.30348199999999,28.503063,36.619999,98.13428499999999,81.3722,115.550003,109.09623,118.773224,111.959999,51.689999,80.910004,21.031392999999998,73.712738,30.35
2018-01-11,174.568268,159.110001,188.919998,90.718025,116.53906299999998,272.991852,113.260002,65.209999,53.103329,12.14,152.21000700000002,90.602402,68.884865,261.597351,33.574017,44.869999,109.099998,40.099998,32.032309999999995,16.927828,73.828468,89.809998,100.914932,112.0,37.810001,187.770004,139.770004,97.468102,68.915001,50.093540000000004,33.556282,1105.52002,1112.050049,103.99118,15.389235999999999,22.279284,162.599091,43.117481,163.0,258.329987,129.610001,28.561655,105.638504,188.644104,160.919998,91.709137,87.668182,93.104607,42.82,61.810001,223.940826,48.950001,66.372398,79.75,64.873192,68.879997,126.160004,89.709999,48.498802000000005,99.619514,28.612461,36.48,98.871391,82.061203,116.980003,110.060898,119.631721,112.230003,52.110001000000004,82.25,20.981861,73.95148499999999,31.860001
2018-01-12,176.370911,160.110001,195.050003,91.543724,117.822006,275.735535,115.910004,65.519997,53.352875,12.02,154.220001,91.640251,69.999123,262.381653,33.842056,45.07,110.239998,40.869999,32.002384,16.821241,74.377121,90.040001,101.114594,113.129997,38.02,179.369995,141.809998,97.298645,68.610001,50.113476,34.450855,1122.26001,1130.650024,103.251244,15.747822,22.786308,161.549423,42.948627,164.509995,258.269989,130.130005,28.690758000000002,106.68256399999999,188.035645,162.330002,93.03335600000001,89.181076,96.110229,42.810001,62.77,222.84150699999998,49.509997999999996,67.166565,80.540001,64.823616,71.040001,125.949997,90.370003,50.725334000000004,100.90564,28.662186,36.900002,99.777824,81.881462,117.300003,112.099617,119.88128700000001,113.610001,51.860001000000004,83.120003,20.922422,74.269814,32.77
2018-01-16,175.474579,157.96000700000002,192.46000700000002,92.618134,118.736977,257.47753900000004,111.980003,64.5,54.400963,11.91,153.389999,91.091385,68.35759,261.349152,33.772564,44.279999,108.889999,40.540001000000004,31.86272,16.801863,74.546707,89.959999,100.884987,111.91999799999999,37.68,178.389999,140.520004,96.860046,68.754997,50.173279,34.202362,1121.76001,1130.699951,104.591125,15.747822,22.74654,162.252502,42.8493,162.28999299999998,260.290009,130.03999299999998,28.412689,107.050468,189.910919,162.28999299999998,92.923836,87.93692,95.40361,42.919998,62.27,219.97329700000003,49.59,67.762192,80.41999799999999,67.669189,69.300003,124.589996,89.269997,50.972725,99.5597,27.71739,36.720001,99.718063,82.10114300000001,113.959999,112.298515,120.180771,112.650002,51.66,83.879997,20.427101,73.38446,32.349998
2018-01-17,178.372757,160.21000700000002,196.490005,95.07534799999999,121.38243100000001,257.667114,113.0,65.400002,57.235806000000004,12.18,155.75,92.658142,69.999123,263.890656,34.219291999999996,44.860001000000004,110.040001,41.200001,31.86272,16.889069,75.653976,91.190002,100.43576800000001,113.139999,37.990002000000004,177.600006,139.550003,97.288673,69.125,50.681587,34.619831,1131.97998,1139.099976,105.791031,16.006798,23.323158,167.00569199999998,44.090874,164.28999299999998,260.950012,132.130005,28.472277000000002,112.847458,204.56395,164.320007,95.60211899999999,89.718552,96.816841,44.259997999999996,63.59,224.580429,50.27,69.132126,82.470001,67.441147,70.849998,126.599998,90.980003,51.596157,101.88269,27.369307,36.849998,100.176262,82.820107,116.089996,118.504173,121.768005,114.0,51.720001,85.160004,20.050653,75.463539,31.92
2018-01-18,178.532104,160.940002,196.199997,96.73671,120.238716,255.352432,112.550003,65.08000200000001,57.295696,12.47,158.33999599999999,92.099304,69.442001,267.851837,33.941326000000004,44.939999,111.769997,41.299999,31.583396999999998,16.801863,76.561745,91.379997,100.306,115.279999,38.740002000000004,179.800003,138.0,97.22886700000001,68.970001,51.179932,34.639706,1129.790039,1135.969971,106.170998,15.907192000000002,23.154152,167.471115,44.180267,164.399994,260.75,134.0,27.469240000000003,114.00089299999999,204.933014,165.479996,96.8666,89.67873399999999,97.035797,43.990002000000004,63.299999,224.300613,50.23,68.407455,82.940002,67.470901,70.699997,125.470001,91.470001,51.46751,101.982391,27.100784,37.150002,99.578613,82.610413,117.269997,115.76931,122.896042,114.540001,51.549999,86.400002,20.001123,75.90124499999999,31.370001000000002
2018-01-19,177.735352,161.75,195.729996,95.642403,120.775764,261.218933,115.290001,65.629997,57.295696,12.59,161.53999299999998,92.937561,70.208046,264.466492,33.822201,45.599998,111.93,41.290001000000004,32.082188,16.772793,77.100426,92.720001,100.80513,116.18,38.43,181.28999299999998,138.759995,98.155899,69.055,52.226456,34.450855,1137.51001,1143.5,108.00083899999998,16.01676,23.56176,160.786926,44.517979,167.740005,263.049988,137.350006,27.65793,114.36878999999999,207.00778200000002,166.830002,97.025894,89.579201,97.334373,42.75,63.09,229.96708700000002,50.580002,68.983215,83.839996,67.460983,68.400002,125.940002,92.610001,52.071148,98.90168,27.309633,37.209998999999996,100.33564,83.129654,118.050003,116.186996,122.48674799999999,114.480003,51.91,85.599998,20.050653,75.314323,31.799999
2018-01-22,176.281281,161.429993,197.83999599999999,96.149765,122.09848799999999,261.248871,117.43,65.650002,57.355582999999996,12.65,163.130005,91.789948,70.934303,260.217377,34.467471999999994,45.689999,112.889999,41.66,32.122093,17.12162,77.768776,93.839996,101.53385899999999,117.989998,39.580002,185.369995,141.059998,98.873604,70.095001,51.708179,34.500553000000004,1155.810059,1164.160034,109.090744,15.986876,23.710884,161.014694,45.441711,168.669998,260.75,138.449997,28.164413,113.941223,208.66360500000002,168.279999,98.260506,91.181679,96.866608,42.880001,63.52,233.544861,50.709998999999996,69.191681,83.980003,68.085617,66.339996,128.009995,92.959999,52.605518000000004,98.423126,26.394671999999996,37.869999,100.863564,83.628929,118.400002,118.78263100000001,124.113922,114.459999,53.459998999999996,86.239998,20.357754,75.045738,32.639998999999996
2018-01-23,176.32110600000001,160.880005,200.08999599999999,95.97069499999999,121.432152,260.181305,118.730003,66.0,57.684986,12.94,161.850006,91.63027199999999,71.183022,261.00167799999997,34.497253,45.75,113.239998,42.099998,32.491196,16.792173000000002,78.06804699999999,94.010002,101.773445,117.66999799999999,39.77,189.350006,142.58999599999999,98.813789,70.195,51.150032,34.351459999999996,1169.969971,1176.170044,109.880676,16.604439000000003,23.671116,164.629105,45.749621999999995,168.46000700000002,263.339996,139.21000700000002,27.935999,115.353195,214.52882400000001,167.190002,98.09124,91.470322,96.299324,43.950001,63.84,238.761627,51.119999,69.479568,84.209999,67.758423,67.32,128.149994,93.379997,53.496131999999996,99.071175,26.464289,37.189999,100.305748,83.798683,116.809998,119.230148,124.433365,115.769997,53.23,87.339996,20.536070000000002,75.145218,32.580002
2018-01-24,173.512573,160.600006,197.779999,94.846535,120.198936,258.894257,116.900002,66.019997,56.776642,12.71,161.53999299999998,91.011551,69.720566,255.00527999999997,34.646164,45.380001,112.849998,42.169998,32.521122,16.850309,78.257576,93.779999,101.014763,114.660004,39.82,186.550003,142.130005,100.239227,70.07,51.668308,33.914112,1164.23999,1171.290039,112.16048400000001,16.614399,23.521992,163.757675,45.203327,167.550003,255.729996,140.190002,27.777103000000004,114.27930500000001,209.20224,167.009995,94.945,91.390694,95.383698,43.080002,62.93,235.65354900000003,51.450001,67.523933,83.709999,67.40149699999999,66.900002,128.889999,92.839996,52.4175,96.837906,26.653247999999998,37.02,101.989136,87.153824,116.239998,109.09623,124.333542,115.769997,54.220001,86.970001,20.328035,73.095985,32.360001000000004
2018-01-25,170.415192,160.78999299999998,197.509995,91.503937,119.970192,252.269531,116.870003,66.870003,55.658671999999996,12.41,159.929993,91.011551,70.456764,245.50439500000002,34.874493,44.860001000000004,111.959999,41.900002,32.740589,17.228209,77.758804,94.0,101.683601,114.5,40.02,187.479996,134.940002,101.176231,70.400002,52.057018,33.605984,1170.369995,1182.140015,112.190483,16.415186,23.183975,163.856705,44.994743,167.820007,257.640015,140.119995,27.479172,112.449722,198.748627,168.58999599999999,92.07753000000001,91.898315,97.214943,43.009997999999996,62.490002000000004,236.203217,51.599998,68.129486,84.339996,66.846252,66.059998,130.899994,91.910004,52.61541,94.76416800000001,27.001331,37.450001,102.238159,88.15238199999999,117.199997,109.54376200000002,125.00237299999999,115.989998,54.290001000000004,87.989998,20.605415,69.37552600000001,32.380001
2018-01-26,170.813568,162.550003,201.300003,93.354301,121.660896,261.248871,117.779999,67.620003,57.016201,12.95,163.96000700000002,92.538391,72.148041,248.979111,35.638892999999996,45.799999,113.699997,42.560001,32.989986,17.654551,78.237625,94.699997,102.32249499999999,115.199997,40.889998999999996,190.0,138.240005,102.551834,71.290001,52.625130000000006,34.172546000000004,1175.839966,1187.560059,113.25039699999999,16.644281,23.770533,165.708466,49.742535,170.440002,259.73999,142.139999,27.995586,112.79774499999999,202.060272,170.33999599999999,96.488251,93.620216,98.52865600000001,43.669998,63.34,243.178879,52.75,69.49942800000001,85.449997,67.94680799999999,67.940002,135.220001,92.959999,54.366951,97.057243,27.558264,37.82,103.94145999999999,88.811432,119.370003,113.064278,126.10046399999999,115.309998,54.720001,89.599998,20.962048,71.56403399999999,32.830002
2018-01-29,167.278,161.190002,198.229996,93.294617,120.09948700000001,255.921127,116.379997,67.25,55.229457999999994,13.32,162.75,91.93962900000001,72.0784,243.69754,35.380779,44.560001,113.300003,42.849998,33.179522999999996,17.470449,77.958313,93.68,99.946617,117.650002,40.799999,185.979996,138.889999,102.362442,71.514999,52.266319,34.043327000000005,1175.579956,1186.47998,112.41046100000001,16.903257,23.671116,165.17373700000002,49.643208,169.21000700000002,255.94999700000002,139.669998,28.283587,111.49515500000001,195.47688300000002,168.550003,96.458382,93.480873,98.707802,43.290001000000004,62.799999,246.696686,51.939999,68.32803299999999,84.309998,66.747108,68.190002,132.949997,91.279999,54.53517900000001,96.807999,26.921768,37.259997999999996,103.473297,87.303612,119.290001,112.029999,124.62303200000001,112.410004,54.130001,87.449997,20.635136,71.802773,32.84
2018-01-30,166.292007,159.699997,196.899994,91.076164,120.149208,254.005524,115.019997,66.559998,53.283001,12.87,161.679993,92.358765,71.242714,239.23996,35.291435,43.98,112.230003,42.25,32.780495,17.257275,77.569275,92.690002,98.82856,118.699997,40.400002,187.119995,140.949997,102.332535,71.269997,51.309502,32.134914,1163.689941,1177.369995,111.370552,16.474951,23.303276,162.024734,48.461227,168.5,252.770004,139.03999299999998,28.124689,108.790558,190.599182,167.190002,94.576607,92.306389,99.324852,41.669998,62.310001,242.56926,50.959998999999996,68.059998,83.779999,66.419914,70.66999799999999,131.46000700000002,91.32,54.40653199999999,96.917664,26.474234000000003,37.439999,101.929375,87.553253,118.309998,109.889999,123.33528100000001,112.150002,53.900002,87.08000200000001,20.407288,71.753029,32.68
2018-01-31,166.75013700000002,160.699997,199.759995,91.404449,122.953781,256.07077000000004,115.620003,66.989998,53.532546999999994,13.74,161.649994,92.57830799999999,73.749786,246.239059,35.589252,44.860001000000004,113.910004,41.540001000000004,33.199478000000006,17.257275,77.78873399999999,92.760002,99.37760899999999,126.959999,40.580002,186.889999,144.53999299999998,102.033493,70.41999799999999,51.040394,31.031612,1169.939941,1182.219971,111.77051499999999,16.335501,23.183975,162.103958,47.815605,167.899994,251.94999700000002,138.740005,25.969654000000002,109.178352,191.038071,169.0,94.805603,94.565781,98.986465,43.720001,61.5,245.64733900000002,51.59,68.25,85.32,67.669189,71.769997,131.380005,92.610001,54.624241000000005,96.917664,27.080893,37.450001,102.128586,88.731544,126.66999799999999,109.66999799999999,124.014099,114.91999799999999,54.07,88.980003,20.59551,72.638382,34.130001
2018-02-01,167.098724,160.46000700000002,199.380005,91.17564399999999,119.76133700000001,256.519714,115.57,67.559998,53.183181999999995,13.25,163.399994,92.628204,72.97378499999999,237.065765,35.122673,42.23,112.739998,41.700001,33.608486,17.392933,77.30990600000001,93.43,99.31770300000001,128.179993,46.189999,193.08999599999999,145.029999,101.784286,70.050003,51.249699,31.498777,1167.699951,1181.589966,111.580528,16.723969,23.164091,160.81663500000002,47.328911,165.649994,252.080002,138.830002,26.366896,110.520706,188.63414,172.929993,94.128563,93.81929000000001,98.648087,42.490002000000004,62.16,240.350632,51.630001,67.029999,78.400002,66.231537,83.339996,130.619995,91.379997,53.872166,102.83980600000001,27.210182,39.16,103.373695,88.292175,124.639999,110.08000200000001,125.501503,114.699997,54.299999,87.650002,20.496445,72.111153,32.75
2018-02-02,159.848282,156.899994,195.639999,88.648788,117.92146299999999,249.336273,111.639999,65.720001,50.587906,12.45,160.28999299999998,91.061447,71.053688,233.779663,34.715656,41.099998,110.779999,40.93,32.271729,17.179758,75.534279,92.190002,98.71875,124.529999,44.299999,190.279999,144.130005,100.488434,68.775002,49.774601000000004,31.091251,1111.900024,1119.199951,108.71077700000001,16.584517,22.348875,157.479492,45.839016,163.419998,246.75,135.190002,26.078897,105.91691599999999,178.609421,170.550003,92.903915,91.350883,103.375473,40.82,60.220001,233.374969,50.130001,66.599998,76.57,65.50774399999999,80.769997,128.009995,90.160004,51.230015,98.662407,26.872044,38.07,101.779961,86.704483,121.66999799999999,107.660004,120.699867,112.510002,52.98,85.25,20.090281,70.270821,31.629998999999998
2018-02-05,155.854568,151.830002,190.270004,84.957993,113.446075,238.231827,109.18,62.810001,48.222214,11.57,156.020004,88.22731800000001,67.631332,226.45297200000002,33.315909999999995,39.290001000000004,107.650002,38.779999,30.88509,16.27862,73.110237,89.07,95.923592,121.639999,42.369999,181.259995,136.179993,96.889946,65.055,47.821095,29.600302000000003,1055.800049,1062.390015,104.9711,15.598410999999999,21.165817,151.042862,44.220001,157.649994,234.24000499999997,128.25,25.026207,100.627037,169.921356,164.58999599999999,89.110497,87.588554,100.57885,39.400002,56.810001,213.56727599999996,48.09,64.519997,74.70500200000001,61.204678,75.58000200000001,127.050003,87.620003,49.13213,94.395279,26.643304999999998,36.630001,98.333504,84.118217,117.33000200000001,104.209999,116.067924,108.730003,50.5,81.449997,19.357204,66.620003,31.379998999999998
2018-02-06,162.36801100000002,154.690002,194.470001,88.08174100000001,112.332199,240.91564900000003,112.620003,63.669998,50.158688,11.65,157.100006,88.37700699999999,69.342506,238.644302,33.454890999999996,39.580002,109.57,40.169998,30.476082,16.540241,73.718742,89.120003,95.77385699999999,123.129997,42.790001000000004,185.309998,139.729996,95.414673,65.375,48.249668,29.620179999999998,1080.599976,1084.430054,106.001007,15.668135000000001,21.305,153.82547,44.91,160.869995,242.539993,124.019997,25.363863000000002,104.634224,177.89123500000002,169.279999,91.519966,90.902985,102.27076,43.880001,58.139998999999996,225.439896,49.400002,64.230003,75.68,63.851958999999994,79.07,128.679993,87.449997,48.172245000000004,104.24556,26.931715000000004,36.830002,98.751862,84.99695600000001,118.269997,105.870003,119.76149699999999,109.410004,50.830002,84.25,19.624678,68.989998,30.85
2018-02-07,158.892166,155.149994,192.33999599999999,84.908249,112.93885800000001,246.183533,110.540001,64.480003,48.601521000000005,11.6,155.029999,88.097588,69.103737,235.66595499999997,33.752708,38.57,110.050003,40.34,31.274148999999998,16.530552,76.332306,87.599998,95.913612,123.050003,42.330002,180.179993,141.389999,96.46131899999999,64.584999,48.239703999999996,29.64006,1048.579956,1055.410034,106.31098200000001,15.498804999999999,21.086282999999998,152.350006,45.200001,161.28999299999998,237.649994,119.449997,25.214895000000002,102.078773,171.19812,168.729996,82.54917900000001,89.191025,102.141373,42.009997999999996,57.630001,228.657898,48.869999,64.739998,75.589996,64.486511,78.089996,128.809998,85.849998,49.033169,101.045212,26.434452,36.93,99.220024,85.24659,117.190002,101.980003,119.44205500000001,109.110001,51.009997999999996,83.709999,19.307671,66.970001,31.18
2018-02-08,154.520004,150.509995,185.16000400000001,82.25206800000001,107.65790600000001,240.04765299999997,104.809998,62.490002000000004,45.666866,11.22,148.83999599999999,84.265526,65.492363,227.912354,32.422455,36.82,104.029999,38.77,30.775358,15.697242999999999,74.975655,84.529999,91.760818,116.540001,41.02,171.580002,137.25,92.444176,66.525002,46.306126,28.278328000000002,1001.5200199999999,1007.7100220000001,100.581467,14.980849,19.803808,147.58999599999999,42.75,152.75,226.979996,114.260002,24.489931,97.982101,161.821777,160.619995,79.552277,84.612534,98.26989,40.0,55.849998,217.38490299999998,46.84,61.860001000000004,72.32,61.888805000000005,76.849998,124.650002,82.620003,46.945178999999996,98.742165,25.449873,35.57,94.89701099999999,81.052658,103.510002,97.660004,113.662117,105.620003,49.040001000000004,80.089996,18.634031,62.82,29.799999
2018-02-09,156.41000400000001,153.83999599999999,187.990005,83.495598,110.82051100000001,240.117477,105.940002,64.129997,47.992634,11.31,150.41000400000001,84.60481999999999,66.735947,233.79952999999998,33.206711,37.68,106.980003,39.529999,30.74543,15.484069,76.102875,85.75,96.822037,120.639999,41.66,176.110001,138.639999,94.726875,68.730003,46.884209000000006,28.596396999999996,1037.780029,1046.27002,103.921188,15.239826999999998,19.992698999999998,149.509995,43.950001,157.059998,232.440002,115.489998,25.264553,100.328743,165.452606,165.199997,80.68731700000001,87.767715,98.658035,40.41,56.169998,231.935867,47.73,64.160004,74.75,63.445446,77.849998,126.839996,84.339996,47.321217,102.331337,25.768122,36.049999,96.022591,83.229507,108.449997,100.489998,116.11784399999999,109.089996,49.880001,80.589996,19.178888,65.379997,29.610001
2018-02-12,162.71000700000002,154.949997,192.149994,84.609802,111.03931399999999,247.71998599999998,108.379997,64.93,49.410049,11.68,153.740005,86.231453,67.969589,242.635254,33.772564,38.599998,108.550003,40.599998,40.292274,16.239862,77.240082,86.790001,97.730461,122.220001,42.32,176.41000400000001,140.149994,94.846489,69.32,47.522087,29.272292999999998,1051.939941,1054.560059,106.390976,15.688057,20.290948999999998,151.399994,44.830002,159.380005,239.399994,118.239998,25.622068,103.321701,172.514801,168.190002,82.658699,88.713272,100.817711,42.189999,57.73,227.888367,48.150002,64.690002,75.279999,65.10123399999999,79.16999799999999,129.320007,85.33000200000001,48.657131,103.78694899999999,25.957081,36.369999,98.313576,83.91851,109.93,101.940002,118.26410700000001,111.029999,50.110001000000004,82.339996,19.585051999999997,65.120003,29.950001
2018-02-13,164.33999599999999,156.83999599999999,193.479996,83.90347299999999,111.208382,246.25999500000003,109.790001,64.489998,49.459957,11.78,154.199997,86.700478,67.681076,244.08471699999998,33.9314,37.900002,107.690002,41.23,40.481815000000005,16.675895999999998,77.91841099999999,86.870003,97.071602,122.279999,42.150002,173.149994,142.429993,95.863235,69.514999,48.050331,29.06356,1052.099976,1054.140015,106.84093500000002,15.409158999999999,20.459957,150.75,44.459998999999996,159.360001,243.69999700000002,118.849998,26.00938,103.61999499999999,172.125778,170.119995,80.458313,89.410004,101.45465899999999,42.630001,58.740002000000004,232.48551899999998,48.490002000000004,64.629997,74.970001,65.14089200000001,79.349998,132.029999,85.5,49.112339,103.268509,26.434452,36.599998,98.40322900000001,84.857155,107.779999,100.980003,118.14431,110.57,50.080002,82.970001,19.565239000000002,65.290001,29.17
2018-02-14,167.369995,159.78999299999998,197.130005,84.68938399999999,112.09351299999999,250.05000299999998,109.91999799999999,66.870003,51.865578,12.2,157.699997,87.159523,69.29276999999999,245.871735,34.497253,38.630001,109.019997,42.09,40.411983,17.034414,79.624214,89.440002,99.966583,123.769997,42.439999,179.520004,143.5,95.693779,69.199997,48.907482,29.341871,1069.699951,1072.699951,107.570877,16.086482999999998,21.165817,154.759995,45.380001,163.899994,252.460007,120.459999,25.989517000000003,107.470001,182.549484,172.520004,81.852226,90.809998,104.519989,43.450001,60.639998999999996,241.27005,49.450001,65.370003,77.269997,66.023315,78.82,134.190002,86.620003,50.834187,104.335297,26.872044,36.41,99.34951,84.49767299999999,106.559998,102.68,120.620003,113.980003,49.509997999999996,83.33000200000001,20.110092,66.860001,29.790001
2018-02-15,172.990005,161.059998,202.970001,84.957993,114.878197,240.649994,113.519997,67.400002,53.891891,12.19,162.41000400000001,88.955811,71.620766,250.011612,34.983692,39.07,113.120003,44.080002,40.421963,18.53631,81.17041800000001,90.989998,100.914932,126.480003,43.009997999999996,179.96000700000002,145.389999,96.251991,70.224998,49.316124,29.361752000000003,1089.52002,1091.359985,112.340469,16.285698,21.324884,156.009995,45.919998,169.309998,259.070007,117.93,26.724413000000002,108.870003,185.242706,174.690002,82.131004,92.660004,105.62471000000001,43.5,57.669998,246.34690899999998,50.639998999999996,66.470001,78.29499799999999,64.724464,78.559998,140.070007,88.93,50.982624,104.05613699999999,27.548321,37.0,101.00301400000001,86.12532,108.160004,104.57,122.279999,116.349998,49.740002000000004,84.540001,20.011029999999998,67.220001,30.5
2018-02-16,172.429993,162.66000400000001,201.559998,85.644417,115.544533,244.67999300000002,112.949997,66.889999,54.93,11.82,164.139999,89.804047,69.83000200000001,247.09285,35.082962,39.16,112.860001,44.330002,40.461864,18.342518,80.751442,91.209999,100.645401,126.019997,43.34,177.360001,145.029999,97.50797299999999,71.360001,48.927417999999996,29.292171000000003,1094.800049,1095.5,114.34030200000001,16.325539000000003,21.275173000000002,156.179993,45.560001,171.690002,239.36000099999998,118.040001,26.168276000000002,107.519997,187.437164,175.649994,83.047005,92.0,105.40576200000001,44.209998999999996,56.509997999999996,243.68855299999998,50.709998999999996,66.809998,78.370003,64.298126,77.309998,142.71000700000002,89.07,50.883663,103.796921,27.473528,37.139998999999996,101.700272,86.95411700000001,107.040001,104.470001,121.849998,120.550003,50.150002,84.910004,20.070467,67.089996,30.549999
2018-02-20,171.850006,161.440002,202.979996,87.952415,114.778748,244.57000699999998,114.269997,66.769997,56.66,12.02,167.809998,90.173286,70.476662,247.81756600000003,34.805,40.169998,114.349998,44.060001,40.481815000000005,17.896793,81.34000400000001,91.779999,100.495659,126.339996,43.389998999999996,176.009995,143.03999299999998,97.009567,70.855003,48.65831,29.471087,1102.459961,1103.589966,114.720276,16.455029,21.265232,155.16000400000001,46.32,173.570007,239.08999599999999,115.970001,26.049103,110.550003,192.953247,175.350006,84.860001,92.720001,105.246521,44.900002,58.080002,248.925308,49.889998999999996,65.410004,77.059998,63.445446,80.16999799999999,144.320007,89.760002,51.576363,106.09000400000001,26.945,36.77,102.108665,86.884224,107.480003,105.290001,122.010002,116.339996,48.919998,86.459999,20.06056,69.190002,31.030001000000002
2018-02-21,171.070007,160.46000700000002,202.08999599999999,87.952415,115.46496599999999,239.58999599999999,112.370003,66.32,56.130001,11.72,163.53999299999998,90.233162,69.859848,246.824783,34.689999,39.259997999999996,114.480003,43.310001,40.441914000000004,17.344482,81.800003,91.379997,100.705299,124.900002,43.119999,177.91000400000001,144.66000400000001,96.840111,69.894997,48.150002,29.083439000000002,1111.339966,1113.75,112.230476,16.18609,21.046516,153.96000700000002,45.939999,173.320007,247.94999700000002,114.099998,25.711447,109.66999799999999,188.75383,172.320007,84.150002,91.489998,104.490135,44.540001000000004,58.540001000000004,241.36000099999998,49.43,65.08000200000001,76.510002,62.86046999999999,79.949997,143.419998,88.459999,50.903458,106.0,27.030001000000002,36.310001,101.769997,86.43486800000001,108.540001,103.660004,120.43,115.699997,47.959998999999996,85.66999799999999,19.902058,68.459999,30.379998999999998
2018-02-22,172.5,160.320007,202.610001,88.10163100000001,114.79863700000001,238.82000699999998,112.389999,66.25,56.07,11.84,160.940002,90.04355600000001,69.133583,247.54952999999998,34.849998,38.799999,113.0,42.939999,40.421963,17.421999,81.610001,91.610001,100.93490600000001,124.610001,42.830002,178.990005,143.869995,97.7173,71.055,47.860001000000004,29.033741,1106.630005,1109.900024,112.010498,16.345461,21.265232,153.179993,45.799999,172.100006,239.72000099999997,115.540001,25.850482999999997,108.910004,187.886032,172.949997,83.91999799999999,91.730003,104.231377,44.25,58.59,242.149994,49.59,65.050003,77.699997,61.650847999999996,78.5,144.66000400000001,84.379997,50.824290999999995,107.260002,26.98,36.470001,101.019997,86.674522,108.629997,103.93,120.379997,114.91999799999999,47.869999,85.529999,19.902058,68.93,30.23
2018-02-23,175.5,162.949997,209.74000499999997,89.90226700000001,117.00649299999999,242.08999599999999,115.029999,67.360001,57.009997999999996,12.07,160.889999,90.642319,71.700356,251.878052,35.43,39.740002000000004,114.959999,44.0,40.441914000000004,17.644861,82.529999,92.809998,103.799934,127.099998,43.68,183.28999299999998,147.330002,99.501595,73.095001,48.490002000000004,29.123198,1126.790039,1128.089966,114.450294,18.068657,22.000916,155.520004,47.73,171.779999,242.169998,116.989998,25.939863,110.470001,192.614105,175.759995,85.160004,94.059998,106.221855,46.529999,59.619999,245.92999300000002,50.5,66.470001,79.690002,62.781147,80.129997,146.619995,85.239998,52.734161,108.230003,27.43,36.720001,102.269997,88.69160500000001,111.650002,107.040001,122.93,117.639999,48.290001000000004,89.139999,20.050653,70.050003,30.870001000000002
2018-02-26,178.970001,164.740005,212.149994,91.881966,117.255127,245.66000400000001,116.91999799999999,68.599998,58.810001,12.42,161.669998,92.21905500000001,72.784767,251.12352,35.360001000000004,39.889998999999996,116.650002,45.360001000000004,40.481815000000005,17.838655,82.970001,92.949997,104.458786,128.570007,43.830002,184.929993,151.029999,99.60127299999999,72.68,49.639998999999996,29.65,1143.75,1143.699951,114.690269,18.477043,23.323158,158.580002,49.110001000000004,172.669998,248.11000099999998,117.959999,26.00938,114.66999799999999,197.930679,177.869995,86.379997,95.41999799999999,106.311424,47.98,60.41,246.580002,51.169998,66.83000200000001,79.349998,66.410004,81.480003,148.029999,85.470001,52.991446999999994,110.389999,27.23,37.459998999999996,104.440002,88.721558,114.58000200000001,109.629997,124.589996,117.25,49.09,89.220001,20.110092,71.489998,31.120001000000002
2018-02-27,178.389999,162.550003,208.820007,91.78248599999999,115.83294699999999,242.38999900000002,116.120003,68.239998,57.639998999999996,12.53,161.33999599999999,91.750023,72.237587,249.99176,35.25,39.389998999999996,116.470001,45.040001000000004,40.431934000000005,17.518895999999998,82.510002,92.370003,102.961388,125.800003,43.150002,181.46000700000002,150.83999599999999,98.125999,72.105003,49.040001000000004,29.33,1118.290039,1117.51001,114.190308,18.745983,23.382808999999998,156.550003,49.91,170.350006,245.649994,115.93,25.92,113.459999,192.98317,175.929993,88.550003,94.199997,106.112381,48.580002,60.400002,246.059998,50.73,65.91999799999999,79.459999,66.339996,81.209999,147.440002,84.940002,52.318542,110.300003,26.32,36.869999,104.389999,87.862801,112.230003,108.339996,123.370003,116.410004,48.040001000000004,87.190002,19.802994,71.440002,30.25
2018-02-28,178.119995,161.009995,209.130005,89.683403,114.68923999999998,240.960007,117.470001,67.459999,57.59,12.11,159.940002,91.201157,72.754913,244.68038900000002,35.099998,38.77,116.25,44.779999,40.431934000000005,17.12162,82.019997,92.0,102.362427,123.699997,42.860001000000004,178.320007,148.520004,96.870018,71.695,49.099998,29.08,1104.72998,1103.920044,113.380379,18.516888,23.253567,155.830002,49.290001000000004,166.860001,245.63999900000002,113.410004,25.66,113.309998,191.37721299999998,175.759995,88.93,93.769997,105.64461499999999,48.810001,60.549999,242.0,50.669998,65.129997,79.410004,65.0,80.709999,147.399994,84.66999799999999,52.843014000000004,109.25,26.290001,36.299999,103.089996,87.822861,111.870003,108.349998,122.940002,116.019997,47.740002000000004,87.040001,19.634583,71.25,30.32
2018-03-01,175.0,156.149994,206.029999,87.852928,113.167603,235.350006,114.739998,67.91999799999999,57.07,11.9,158.740005,88.76619699999999,71.640663,241.553131,35.200001,38.23,119.43,43.799999,40.411983,16.860001,80.650002,90.809998,100.755211,122.16999799999999,42.27,175.940002,146.550003,95.653908,70.934998,49.16,28.4,1069.52002,1071.410034,111.44054399999999,18.327635,23.2138,153.809998,47.84,164.33999599999999,243.960007,113.769997,25.17,111.209999,189.591736,173.490005,89.019997,92.849998,105.813805,47.619999,60.599998,232.210007,49.709998999999996,63.549999,78.639999,64.959999,78.610001,145.440002,84.529999,53.436756,106.589996,26.51,36.0,100.08000200000001,87.093918,107.540001,106.529999,120.400002,115.019997,47.959998999999996,87.269997,19.47608,70.800003,30.549999
2018-03-02,176.21000700000002,157.5,209.789993,89.066612,112.978645,232.72000099999997,116.279999,69.43,58.029999,11.81,162.630005,89.46476,73.630409,249.058548,35.32,39.290001000000004,121.91999799999999,44.060001,40.431934000000005,17.35,81.279999,91.980003,100.92491899999999,125.089996,42.950001,176.619995,148.33999599999999,96.590912,71.989998,48.93,28.799999,1078.920044,1084.140015,113.440376,18.706141,23.432516,154.490005,48.98,168.83999599999999,244.80000299999998,116.650002,25.6,113.010002,194.040497,175.020004,91.290001,93.050003,105.783951,49.110001000000004,60.759997999999996,236.539993,50.32,63.790001000000004,78.870003,64.739998,81.129997,148.759995,85.769997,53.555504000000006,109.139999,26.91,36.349998,101.379997,87.443413,110.769997,108.220001,120.769997,115.779999,48.259997999999996,88.25,19.684116,72.230003,30.059998999999998
2018-03-05,176.820007,158.850006,211.16000400000001,90.66828199999999,115.027382,231.770004,118.870003,69.809998,57.630001,11.91,163.21000700000002,88.995728,74.714813,245.196625,35.540001000000004,39.5,122.5,44.52,40.601524,17.84,82.269997,92.709999,101.823364,126.099998,43.189999,180.399994,150.83999599999999,99.272324,72.464996,49.689999,28.879998999999998,1090.930054,1094.76001,113.72036000000001,18.905354,23.551817,156.949997,49.75,170.179993,235.979996,119.379997,25.84,113.83000200000001,198.199997,178.529999,94.470001,93.639999,106.759277,52.029999,62.189999,235.649994,51.290001000000004,65.040001,79.07,64.010002,83.190002,149.830002,86.059998,54.564865000000005,111.480003,27.09,36.700001,101.589996,88.34210999999999,111.93,109.010002,121.879997,117.260002,48.709998999999996,89.949997,19.713835,72.800003,30.290001
2018-03-06,176.669998,158.029999,212.00999500000003,91.454193,114.778748,235.08999599999999,119.870003,69.940002,59.990002000000004,11.76,163.770004,89.564545,73.540863,249.14790299999999,35.720001,38.98,124.480003,44.290001000000004,40.511742,18.059998999999998,83.07,93.639999,101.673622,124.550003,43.139998999999996,179.779999,152.139999,98.395134,72.110001,50.5,29.200001,1095.060059,1100.900024,114.17031899999999,19.333662,23.810301000000003,155.720001,50.709998999999996,169.46000700000002,241.440002,120.959999,25.940001000000002,116.07,207.940002,177.529999,96.57,93.32,107.863998,53.740002000000004,63.799999,242.16000400000001,51.5,65.089996,79.230003,62.139998999999996,83.68,149.720001,86.260002,55.643494,111.849998,26.959999,36.869999,101.93,88.781479,110.709999,109.690002,121.059998,117.449997,48.889998999999996,93.800003,19.713835,73.980003,30.040001
2018-03-07,175.029999,158.550003,216.86000099999998,92.25999499999999,114.550003,235.38000499999998,137.699997,69.989998,59.419998,12.24,165.369995,90.073494,73.69009399999999,245.266129,35.959998999999996,39.369999,125.33000200000001,44.200001,40.551646999999996,17.879998999999998,83.25,94.360001,102.222672,127.16999799999999,43.93,183.71000700000002,153.320007,98.255577,72.529999,50.040001000000004,29.34,1109.640015,1115.040039,114.300301,19.074684,23.899776,158.320007,51.32,170.66000400000001,242.75999500000003,122.959999,25.870001000000002,117.449997,211.74000499999997,179.21000700000002,95.57,93.860001,108.321808,53.970001,63.349998,241.83999599999999,51.720001,64.82,79.519997,62.490002000000004,83.32,153.309998,86.739998,55.712765000000005,111.540001,27.24,36.91,102.16999799999999,89.26078000000001,110.940002,108.559998,121.849998,117.93,48.84,95.269997,19.773273,73.940002,29.83
2018-03-08,176.940002,158.5,216.399994,92.720001,116.959999,236.169998,137.28999299999998,75.08000200000001,59.369999,11.97,168.0,90.392838,76.416039,245.16685499999997,36.16,39.299999,126.360001,44.34,40.531696000000004,17.82,83.220001,94.57,102.991333,128.820007,43.68,182.33999599999999,147.059998,98.963318,73.050003,50.279999,29.33,1126.0,1129.380005,114.52028700000001,18.875473,23.810301000000003,156.21000700000002,50.740002000000004,171.470001,243.80000299999998,120.550003,26.040001,117.0,212.74000499999997,179.25,95.339996,94.43,107.95356799999999,55.220001,63.880001,241.17999300000002,52.130001,65.389999,79.870003,61.82,84.230003,153.46000700000002,88.639999,58.265857999999994,111.440002,27.629998999999998,37.110001000000004,102.83000200000001,89.091026,113.58000200000001,109.489998,122.220001,118.349998,49.009997999999996,97.220001,19.47608,75.690002,29.83
2018-03-09,179.979996,161.509995,221.11000099999998,94.730003,118.83000200000001,239.190002,139.360001,76.07,61.610001000000004,11.7,171.179993,92.248993,77.81881,251.94754,37.119999,39.68,127.410004,45.369999,40.47184,17.940001000000002,84.709999,95.510002,106.53518700000001,128.490005,43.810001,185.229996,147.479996,100.44856300000001,74.114998,51.540001000000004,29.93,1160.040039,1160.839966,117.21006000000001,19.084646,24.506216000000002,159.309998,52.189999,177.169998,249.27999900000003,122.809998,26.43,121.150002,224.94999700000002,183.240005,98.970001,96.540001,108.570618,54.59,65.260002,245.330002,52.970001,66.519997,80.709999,63.029999,85.510002,155.479996,89.730003,59.562191000000006,113.559998,27.85,37.049999,105.75,90.60882600000001,116.610001,111.529999,124.510002,120.459999,49.009997999999996,99.550003,19.98131,76.199997,29.92
2018-03-12,181.720001,161.690002,220.940002,95.529999,117.529999,238.059998,138.369995,74.970001,60.970001,11.52,169.940002,92.468536,76.46579,260.942108,36.810001,39.700001,126.779999,45.549999,40.501765999999996,18.02,84.07,95.879997,105.896294,128.119995,43.900002,184.759995,146.779999,100.907097,73.82,50.82,29.84,1164.5,1165.930054,117.820007,18.994999,23.691,160.259995,51.52,177.330002,254.72000099999997,124.08000200000001,26.34,122.389999,228.649994,182.53999299999998,100.239998,96.769997,108.33175700000001,59.369999,64.529999,249.75999500000003,52.900002,66.5,80.599998,62.810001,86.389999,155.080002,89.089996,59.581981999999996,115.160004,27.76,37.360001000000004,105.239998,89.819969,115.739998,111.629997,124.239998,120.239998,48.799999,102.860001,19.941682999999998,77.07,29.690001000000002
2018-03-13,179.970001,162.490005,219.75999500000003,94.660004,117.389999,232.63000499999998,136.0,73.300003,59.689999,11.64,167.75,92.318848,75.54055799999999,259.333801,36.27,39.169998,126.730003,45.16,40.481815000000005,17.700001,83.790001,95.599998,105.856369,126.57,42.82,181.880005,147.83999599999999,100.089714,73.75,51.369999,29.84,1138.170044,1139.910034,117.240059,18.879998999999998,23.620001000000002,159.320007,51.779999,177.679993,255.55000299999998,124.33000200000001,26.41,120.480003,223.97000099999997,181.009995,98.029999,94.410004,108.699997,59.43,64.83000200000001,247.710007,52.580002,66.720001,80.199997,59.700001,83.41999799999999,153.949997,88.480003,59.05751,112.0,27.34,37.389998999999996,104.620003,89.380608,113.489998,110.589996,123.199997,120.510002,48.650002,102.910004,20.17944,76.139999,31.34
2018-03-14,178.440002,161.0,218.440002,94.089996,116.099998,230.330002,136.190002,73.25,60.23,11.36,166.949997,91.181206,73.839325,258.708344,35.84,38.830002,127.989998,45.279999,40.571594,17.33,83.629997,95.260002,104.159302,127.970001,42.830002,184.190002,147.919998,100.0,73.79499799999999,50.650002,29.540001,1149.48999,1148.890015,117.870003,18.85,23.48,158.119995,51.860001000000004,177.28999299999998,253.27999900000003,123.209999,26.200001,120.440002,222.63999900000002,180.119995,97.25,93.849998,108.949997,59.779999,64.550003,248.74000499999997,52.32,65.889999,83.309998,60.119999,82.220001,155.03999299999998,87.82,59.304905000000005,111.940002,27.370001000000002,37.029999,103.93,89.730103,109.230003,109.970001,122.58000200000001,123.010002,48.450001,103.199997,20.119999,76.010002,30.75
2018-03-15,178.649994,162.860001,218.86999500000002,93.940002,116.480003,228.24000499999997,136.720001,74.709999,60.279999,11.46,167.360001,91.760002,73.003632,265.82659900000004,35.689999,39.080002,127.220001,45.330002,40.571594,16.969998999999998,84.83000200000001,95.480003,104.25914,129.119995,42.59,183.860001,148.149994,100.099998,73.834999,50.41,29.530001000000002,1149.579956,1150.609985,118.209999,18.83,23.48,159.610001,50.880001,177.929993,249.190002,123.150002,26.23,120.809998,223.080002,180.949997,97.529999,94.18,108.800003,58.84,63.669998,249.33999599999999,52.369999,66.400002,82.57,59.889998999999996,79.0,154.429993,87.83000200000001,58.948657999999995,111.290001,27.540001,37.040001000000004,104.510002,89.63024899999999,108.900002,109.709999,123.410004,125.309998,48.290001000000004,102.230003,20.02,75.83000200000001,31.049999
2018-03-16,178.020004,160.889999,225.55000299999998,94.150002,117.160004,229.08999599999999,135.75,74.019997,59.439999,11.47,166.309998,92.0,71.31235500000001,253.029663,35.790001000000004,38.59,125.970001,45.009997999999996,40.551646999999996,17.129998999999998,84.599998,95.129997,104.329018,128.520004,42.459998999999996,185.08999599999999,148.179993,100.639999,74.220001,49.93,29.5,1135.72998,1134.420044,118.010002,18.790001,23.51,160.259995,51.169998,178.58999599999999,246.899994,124.019997,26.290001,120.620003,221.919998,182.550003,98.18,94.599998,108.83000200000001,60.580002,63.93,250.479996,52.27,66.150002,82.160004,60.619999,80.75,154.169998,88.129997,59.463234,110.629997,27.370001000000002,37.0,104.440002,89.839943,107.290001,109.970001,124.529999,125.91999799999999,48.560001,106.449997,20.040001,76.029999,31.1
2018-03-19,175.300003,160.619995,222.17999300000002,93.5,114.480003,229.850006,134.309998,72.489998,58.5,11.43,164.96000700000002,91.339996,70.68559300000001,243.18129,35.380001,38.23,124.980003,44.27,40.92075,16.68,83.809998,94.529999,105.566864,125.440002,42.09,172.559998,146.800003,100.050003,73.620003,49.439999,28.889999,1099.819946,1100.069946,116.550003,18.700001,23.200001,157.350006,50.830002,175.740005,247.419998,123.400002,25.26,115.980003,217.580002,180.580002,96.970001,92.889999,108.75,60.139998999999996,62.84,241.0,51.950001,65.33000200000001,80.300003,58.369999,78.41999799999999,152.110001,86.610001,59.77,109.33000200000001,26.67,36.580002,103.370003,89.051079,104.5,107.860001,123.209999,124.220001,48.310001,103.160004,19.639999,75.0,30.190001000000002
2018-03-20,175.240005,162.880005,229.75,92.709999,115.559998,227.67999300000002,134.600006,73.68,59.23,11.11,165.490005,91.699997,71.00394399999999,240.61000099999998,35.400002,37.959998999999996,125.120003,44.369999,41.379639000000005,16.25,84.309998,94.550003,107.12416100000002,126.849998,41.959998999999996,168.149994,148.899994,100.91999799999999,73.459999,50.099998,29.26,1097.709961,1095.800049,117.699997,18.780001000000002,23.280001000000002,156.199997,51.549999,178.149994,252.63000499999998,124.16999799999999,25.42,117.190002,219.13000499999998,182.509995,98.540001,93.129997,109.389999,61.150002,63.310001,249.580002,47.049999,65.510002,80.860001,58.259997999999996,75.07,155.279999,86.709999,59.91,109.07,26.52,36.34,104.540001,89.799995,105.239998,109.459999,124.910004,125.199997,47.689999,103.66999799999999,19.75,76.190002,30.82
2018-03-21,171.270004,162.029999,226.850006,92.800003,116.360001,226.77999900000003,135.53999299999998,73.389999,60.779999,11.26,166.41000400000001,91.029999,71.242714,246.0,35.310001,38.349998,121.699997,44.310001,41.469421000000004,16.35,83.349998,94.449997,106.19577,126.0,41.669998,169.389999,149.550003,100.58000200000001,73.16999799999999,50.610001000000004,29.370001000000002,1090.880005,1094.0,116.529999,18.709999,23.280001000000002,156.690002,51.560001,176.66000400000001,251.080002,122.849998,25.299999,118.059998,224.27999900000003,180.75,99.209999,92.480003,109.089996,61.07,64.110001,248.559998,47.02,65.550003,81.040001,56.810001,74.18,154.550003,86.589996,59.900002,108.470001,26.93,36.0,104.68,89.16999799999999,104.730003,108.639999,123.220001,124.599998,47.279999,102.839996,19.68,75.66999799999999,30.860001
2018-03-22,168.850006,150.229996,220.520004,90.540001,113.139999,220.36999500000002,131.41000400000001,71.650002,58.959998999999996,10.91,162.41000400000001,88.16999799999999,69.402206,243.57000699999998,34.310001,37.389998999999996,118.040001,43.07,41.339733,15.79,80.970001,93.32,102.861565,122.980003,40.580002,164.889999,146.270004,97.519997,71.339996,49.560001,28.559998999999998,1049.079956,1053.150024,113.510002,18.32,22.469998999999998,152.08999599999999,50.830002,174.830002,239.729996,119.41999799999999,24.790001,112.91999799999999,214.82000699999998,175.520004,96.550003,89.790001,107.199997,58.919998,62.16,241.850006,45.889998999999996,63.490002000000004,78.559998,55.580002,72.650002,151.029999,84.800003,59.040001000000004,105.239998,26.6,35.369999,100.489998,87.220001,102.389999,103.900002,119.989998,122.650002,46.880001,100.83000200000001,19.35,73.940002,29.799999
2018-03-23,164.940002,147.350006,215.020004,87.699997,109.199997,215.00999500000003,128.020004,70.190002,55.380001,10.63,157.740005,85.33000200000001,67.691025,242.479996,33.240002000000004,36.380001,114.43,42.419998,41.339733,15.52,79.260002,91.599998,101.22440300000001,121.440002,39.709998999999996,159.389999,144.509995,94.860001,70.010002,49.189999,27.780001000000002,1021.570007,1026.550049,111.18,17.629998999999998,21.85,148.889999,49.360001000000004,169.869995,231.41000400000001,117.690002,24.120001000000002,108.18,202.630005,171.830002,94.010002,87.18,104.279999,54.209998999999996,61.150002,232.97000099999997,44.790001000000004,61.73,76.440002,53.66,71.550003,147.899994,82.360001,56.279999,101.410004,25.700001,34.700001,96.839996,85.379997,99.699997,101.360001,117.0,119.480003,46.290001000000004,92.339996,19.0,71.870003,28.799999
2018-03-26,172.770004,152.850006,228.91000400000001,93.110001,114.059998,222.25,134.220001,72.18,58.470001,10.44,161.009995,87.089996,69.720566,247.729996,34.150002,37.459998999999996,118.970001,44.060001,41.299831,16.209999,81.629997,93.790001,103.760002,126.440002,41.009997999999996,160.059998,147.600006,96.160004,71.279999,50.59,28.309998999999998,1053.209961,1054.089966,114.410004,17.99,22.200001,153.369995,52.48,174.529999,240.5,119.550003,24.6,113.360001,214.960007,177.169998,97.989998,93.779999,105.790001,55.560001,63.299999,244.479996,46.48,61.220001,78.949997,56.130001,73.339996,153.08999599999999,84.220001,58.130001,104.93,26.209999,34.689999,98.959999,87.610001,103.099998,106.599998,120.639999,121.470001,47.07,94.269997,19.209999,74.199997,29.4
2018-03-27,168.33999599999999,148.860001,213.80000299999998,91.050003,112.260002,219.11999500000002,128.309998,70.75,55.439999,10.0,157.050003,85.589996,65.950005,244.36999500000002,33.43,36.400002,113.809998,42.68,41.230003,16.129998999999998,80.08000200000001,92.459999,101.970001,119.980003,40.220001,152.220001,144.96000700000002,94.68,70.279999,49.93,27.74,1005.099976,1006.9400019999999,111.120003,17.559998999999998,21.77,151.91000400000001,51.189999,173.25,229.75999500000003,117.610001,24.25,107.809998,202.619995,172.520004,94.400002,89.470001,105.93,52.400002,61.189999,225.520004,45.380001,59.84,76.309998,54.84,70.230003,154.419998,82.889999,57.369999,101.519997,25.51,34.900002,97.800003,85.589996,98.040001,102.559998,117.400002,117.480003,47.310001,92.18,18.889999,72.08000200000001,29.0
2018-03-28,167.759995,148.479996,213.83999599999999,90.459999,112.610001,221.32000699999998,127.480003,70.3825,54.509997999999996,10.01,156.820007,85.220001,65.230003,240.399994,33.549999,36.490002000000004,113.227501,42.005001,41.220001,16.245001000000002,80.209999,91.790001,101.33000200000001,120.099998,40.549999,153.880005,143.429993,95.550003,70.980003,49.360001000000004,27.469998999999998,1012.0,1012.179993,110.480003,17.645,21.690001000000002,153.369995,49.689999,172.5,227.80000299999998,116.43,24.120001000000002,107.440002,197.546005,171.08999599999999,92.57,90.260002,104.800003,52.189999,59.810001,220.24000499999997,44.779999,60.52,75.639999,55.279999,68.989998,145.91000400000001,83.160004,56.630001,99.959999,25.75,35.775002,96.910004,85.449997,97.989998,102.849998,117.440002,117.239998,48.439999,90.980003,19.26,71.800003,28.52
