Date,A,ABBV,ABC,ABT,AET,AGN,ALGN,ALXN,AMGN,ANTM,BAX,BDX,BIIB,BMY,BSX,CAH,CELG,CERN,CI,CNC,COO,DGX,DHR,DVA,ESRX,EVHC,EW,GILD,HCA,HOLX,HSIC,HUM,IDXX,ILMN,INCY,IQV,ISRG,JNJ,LH,LLY,MCK,MDT,MRK,MTD,MYL,NKTR,PFE,PKI,PRGO,REGN,RMD,SYK,TMO,UHS,UNH,VAR,VRTX,WAT,XRAY,ZBH,ZTS
2017-12-18,67.510536,97.490685,92.040245,56.131565,176.85703999999998,170.167633,235.47000099999997,116.089996,174.818497,226.28566,65.295517,220.97099300000002,325.950012,61.993221,25.780001000000002,61.45879,108.040001,68.980003,206.292007,97.93,224.03207400000002,98.285324,94.063789,71.07,73.379997,33.860001000000004,114.91999799999999,74.601959,89.380913,43.360001000000004,70.160004,245.523315,157.300003,217.289993,93.559998,102.480003,371.899994,140.897781,161.46000700000002,85.444092,159.905441,82.48382600000001,55.732631999999995,642.98999,41.669998,56.900002,36.789173,73.095703,86.17851999999999,383.390015,85.38443000000001,154.56083700000002,193.417038,113.02381100000001,221.935181,110.779999,145.440002,197.720001,66.445267,113.948746,72.510788
2017-12-19,67.600334,97.222603,93.424835,56.529658999999995,178.313065,168.833466,235.05000299999998,115.720001,175.543015,227.252533,65.624741,220.57237200000003,327.019989,61.158699,25.49,62.069534,107.059998,68.629997,207.211792,100.940002,223.85209700000001,99.031944,94.083725,71.800003,73.660004,33.139998999999996,114.32,73.827438,88.523872,43.490002000000004,71.489998,244.307571,157.389999,214.74000499999997,95.019997,101.260002,367.350006,140.87789899999999,163.949997,86.069435,159.616089,81.109589,55.74254200000001,635.070007,41.240002000000004,57.049999,36.600914,73.775101,85.689667,385.72000099999997,85.802887,154.332184,193.73678600000002,112.943878,221.30726600000003,110.699997,145.149994,198.080002,66.395416,120.869514,72.68051899999999
2017-12-20,67.251114,96.71624,93.375031,56.748615,179.061035,164.990219,233.649994,118.349998,175.781219,227.182755,65.135902,218.240387,333.47000099999997,60.801044,25.370001000000002,62.512817000000005,108.269997,68.519997,205.982086,102.949997,224.582001,98.593925,94.322975,71.75,73.989998,32.619999,114.150002,73.489838,86.152069,43.439999,71.099998,244.307571,158.679993,216.440002,94.029999,100.32,367.209991,140.261841,163.029999,85.10659799999999,160.284592,80.457062,55.623585,626.659973,41.220001,57.880001,36.12532,73.585274,86.328171,382.890015,85.254906,153.85505700000002,192.138031,112.684097,221.646149,110.790001,145.119995,196.059998,65.94680799999999,120.67036399999999,72.59066
2017-12-21,67.37084200000001,97.212677,92.627945,56.65904200000001,180.237808,166.90188600000002,218.75999500000003,118.239998,175.354446,224.351944,64.37769300000001,217.034515,322.519989,61.099087,25.139999,61.744461,107.879997,67.889999,204.472443,102.589996,221.742371,98.70343000000001,93.525482,71.900002,74.459999,34.52,113.300003,72.50679000000001,87.537277,43.25,71.160004,242.733063,157.279999,214.57000699999998,96.360001,100.139999,361.329987,140.162476,161.380005,84.977562,159.03736899999998,80.555939,56.109337,618.429993,41.959998999999996,57.419998,35.907345,73.215591,86.97665400000001,384.140015,84.667084,153.179138,190.978973,114.672409,220.95842000000002,110.709999,148.820007,194.520004,65.298798,119.44553400000001,72.161369
2017-12-22,67.20121800000001,97.510536,92.100014,56.65904200000001,179.46991,164.183731,223.11999500000002,118.779999,175.09638999999999,224.870255,64.567245,216.486404,319.5,60.56260699999999,25.1,61.557301,106.33000200000001,67.379997,203.342697,102.160004,219.772614,98.793022,93.166611,71.980003,74.529999,34.380001,112.489998,72.19896700000001,88.782974,43.369999,71.010002,244.14811699999998,157.649994,215.72000099999997,95.809998,99.379997,363.160004,139.228455,160.720001,84.441551,158.089462,80.61525,55.871418000000006,614.77002,42.049999,57.990002000000004,35.808258,72.985802,86.807053,381.0,84.7966,153.21888700000002,190.26951599999998,114.962158,219.274002,110.910004,149.970001,193.78999299999998,65.617813,119.614822,71.871841
2017-12-26,67.10144,97.053818,92.88694,56.72871,179.92865,163.72573899999998,223.539993,119.220001,174.768875,224.70078999999998,64.86653100000001,216.27712999999997,319.77999900000003,60.860649,25.129998999999998,61.734607999999994,106.970001,67.68,203.732605,102.260002,220.412521,98.822884,93.027054,72.099998,74.989998,33.740002000000004,112.160004,72.18903399999999,88.832802,43.23,70.620003,245.39376800000002,157.070007,214.210007,95.400002,98.349998,365.829987,139.198654,161.03999299999998,84.362137,158.548447,80.546051,55.851589000000004,613.530029,42.27,60.0,35.877617,72.985802,87.724907,387.429993,85.274834,153.288483,190.189575,114.282738,218.87532000000002,110.82,150.600006,193.820007,66.056465,119.45549,72.22126800000001
2017-12-27,67.151329,97.391388,92.239464,57.196472,180.357498,164.85083,226.44999700000002,119.800003,174.88798500000001,224.511429,64.62710600000001,216.576096,320.070007,61.277916000000005,25.200001,61.370132,104.459999,67.610001,202.662857,103.019997,221.16242999999997,98.753197,93.266296,72.309998,74.879997,34.560001,113.160004,72.467072,87.587112,43.23,70.459999,247.28715499999998,156.690002,215.460007,96.510002,98.540001,368.089996,139.675613,160.75,84.511032,157.67039499999998,80.832764,55.851589000000004,615.929993,42.0,59.040001000000004,35.996517,73.025757,88.303558,384.089996,85.444214,154.690048,191.018921,114.06293500000001,219.69261200000003,111.099998,151.550003,193.449997,65.827164,119.634735,72.331085
2017-12-28,67.300995,97.093529,92.2295,57.186519999999994,180.73645,163.904953,226.479996,120.260002,173.935181,226.305588,64.746826,213.586365,320.329987,61.367329000000005,25.190001000000002,61.212520999999995,104.75,67.93,205.192276,102.900002,220.15255699999997,98.68351,93.40606700000001,72.360001,74.989998,34.639998999999996,114.550003,71.970589,88.005661,43.299999,70.559998,248.544815,158.78999299999998,217.520004,95.379997,98.309998,368.869995,139.665665,160.850006,84.4217,157.381027,80.87252,56.109337,622.599976,41.860001000000004,60.5,36.036148,73.355469,87.06644399999999,382.820007,85.942368,155.158646,191.018921,114.272751,222.03486600000002,112.290001,151.169998,194.809998,66.313812,121.48063700000002,72.271187
2017-12-29,66.970001,96.02121700000001,91.462502,56.798374,179.898743,162.869476,222.190002,119.589996,172.595306,224.28216600000002,64.487434,213.32725499999998,318.570007,60.88052,24.790001,60.807602,104.360001,67.389999,203.042755,100.879997,217.852844,98.04639399999999,92.66729000000001,72.25,74.639999,34.560001,112.709999,71.13649000000001,87.537277,42.75,69.879997,247.606583,156.380005,218.49000499999997,94.709999,97.900002,364.940002,138.831009,159.509995,83.836052,155.604965,80.28591899999999,55.7822,619.52002,42.310001,59.720001,35.887527,73.05574,86.956711,375.959991,84.378151,154.380966,189.72995,113.253616,219.732483,111.150002,149.860001,193.190002,65.714867,120.40303,71.921761
2018-01-02,67.599998,97.709114,93.673859,58.510189000000004,180.197922,169.5802,224.61999500000002,124.050003,175.672043,225.268967,67.011459,217.094315,334.170013,60.910328,25.280001000000002,63.23,106.160004,68.57,202.512894,102.589996,220.59249900000003,98.454552,92.28791,72.540001,75.230003,35.18,111.58000200000001,73.579201,89.20153,42.869999,71.470001,251.169907,157.809998,224.02999900000003,100.889999,99.760002,375.25,138.34411599999999,162.300003,84.054428,158.648224,81.737526,55.732631999999995,626.099976,43.110001000000004,57.650002,36.105507,73.845047,89.480804,382.600006,85.215057,157.43188500000002,192.827499,115.501701,220.430176,110.980003,152.91000400000001,195.690002,67.022575,123.78553000000001,71.652199
2018-01-03,69.32,99.23814399999999,94.022499,58.639568000000004,181.304901,169.40097,231.19999700000002,124.949997,178.986984,228.408768,68.088913,219.236954,339.850006,60.959998999999996,25.559998999999998,62.860001000000004,109.139999,69.07,205.91210900000002,104.43,226.711746,98.80297900000001,93.515884,72.910004,75.660004,35.0,114.589996,74.135269,86.740044,43.490002000000004,72.139999,250.810577,162.050003,230.32000699999998,100.980003,99.519997,383.820007,139.665665,163.050003,84.511032,156.413177,83.437698,55.653324,631.539978,43.139998999999996,57.860001000000004,36.373028000000005,76.093071,89.231392,393.77999900000003,86.101776,158.319244,196.3647,113.29357900000001,222.74250800000002,111.309998,152.009995,197.770004,66.792976,124.643623,71.981659
2018-01-04,68.800003,98.672203,93.813316,58.540046999999994,182.870621,170.83471699999998,233.30000299999998,122.690002,178.232697,229.465347,68.24854300000001,220.233536,339.98999,61.75,25.32,63.66,106.68,69.010002,206.991837,102.5,223.522141,98.63374300000001,93.965149,74.849998,76.08000200000001,35.400002,115.410004,73.380608,85.663765,43.77,72.18,257.87735,163.96000700000002,232.99000499999997,98.440002,97.279999,376.920013,139.655731,162.46000700000002,84.888222,154.716949,83.636551,56.555434999999996,627.030029,44.310001,58.34,36.452293,76.29289200000001,90.867561,382.950012,86.221336,158.269409,198.822754,112.694092,223.70930499999997,109.860001,153.070007,199.66000400000001,66.782997,124.46401999999999,72.410957
2018-01-05,69.900002,100.38988499999999,94.948875,58.70924,185.30397,171.541626,241.07000699999998,122.800003,179.29466200000002,233.581985,69.016724,221.319794,342.48999,61.889998999999996,25.969998999999998,63.220001,104.989998,70.529999,210.501038,105.489998,230.471268,99.46000699999999,94.554176,75.529999,76.010002,35.0,115.860001,73.996246,86.63041700000001,43.98,73.33000200000001,263.836182,166.600006,228.169998,99.849998,98.559998,379.01001,140.80835,166.479996,85.93046600000001,156.812302,85.048393,56.49595600000001,637.349976,44.540001000000004,57.759997999999996,36.521652,76.872383,90.967331,385.100006,87.367104,160.58252,202.23005700000002,111.874794,227.975189,110.870003,155.690002,202.229996,67.72134399999999,125.70128600000001,73.239594
2018-01-08,70.050003,98.781418,96.522728,58.540046999999994,184.147125,169.819153,248.899994,119.699997,179.245041,231.07014500000002,69.116486,220.64212,329.649994,61.91,25.809998999999998,65.220001,104.18,70.589996,208.17157,104.91999799999999,231.621124,99.690002,95.093285,75.660004,76.559998,35.060001,118.139999,73.87709,86.451042,44.419998,74.339996,258.066986,165.080002,227.059998,100.809998,98.599998,391.859985,140.987198,165.940002,85.493713,158.79788200000002,85.018562,56.16881600000001,633.179993,44.560001,57.400002,36.115414,76.702522,89.919777,372.519989,87.86526500000001,162.776001,202.559799,110.056335,224.01827999999998,111.400002,156.889999,204.759995,68.18055,125.94075,74.118149
2018-01-09,71.769997,99.526077,97.140312,58.639568000000004,183.100006,174.887039,251.440002,121.800003,182.00418100000002,233.90095499999998,69.216248,225.644943,336.359985,61.849998,27.959999,67.099998,105.489998,71.699997,207.821655,105.970001,234.22081,101.139999,98.447762,77.470001,79.910004,34.919998,119.510002,77.551086,85.703629,44.220001,73.449997,262.588531,165.729996,242.80000299999998,96.290001,98.540001,397.600006,143.22288500000002,170.53999299999998,85.42423199999999,160.284592,85.386436,56.307602,649.98999,44.290001000000004,68.029999,36.075783,77.831535,90.62812,368.649994,87.67596400000001,160.30336,205.93713400000001,110.695793,225.134598,112.93,156.009995,208.96000700000002,65.335526,123.915245,74.986725
2018-01-10,70.790001,98.980003,96.83152,58.549999,183.479996,173.234253,248.309998,121.459999,181.48808300000002,233.13343799999998,68.26849399999999,223.791306,336.72000099999997,62.009997999999996,27.52,68.059998,105.459999,72.349998,207.041824,105.800003,230.96121200000002,100.370003,98.078369,78.07,80.349998,35.07,118.5,78.15679899999999,84.66720600000001,43.560001,72.790001,262.60849,166.139999,242.58999599999999,96.620003,98.870003,423.76000999999997,143.05397,170.470001,85.463936,160.314529,84.998672,56.803268,646.1900019999999,44.389998999999996,68.900002,36.135231,77.07220500000001,89.869896,366.459991,86.779274,159.067032,206.126968,110.266159,223.460129,111.68,157.380005,207.320007,62.650234,122.25891100000001,73.788696
2018-01-11,70.800003,99.269997,97.757896,58.950001,184.21000700000002,176.350647,252.91000400000001,122.480003,180.594849,234.23985299999998,68.298416,225.04699700000003,333.070007,62.470001,27.43,69.110001,104.58000200000001,72.639999,210.840958,106.779999,228.611496,101.019997,98.427788,80.029999,80.089996,35.849998,119.989998,78.504333,86.67028,43.549999,73.300003,264.714539,171.509995,240.039993,93.059998,99.860001,421.369995,143.868744,170.279999,85.751801,161.940933,85.237305,57.100666000000004,639.26001,46.709998999999996,69.879997,36.224407,77.551788,91.775436,368.26001,86.719498,158.129822,208.495117,114.832275,224.64621,111.529999,158.399994,207.729996,64.137627,122.019447,74.467575
2018-01-12,71.730003,100.339996,98.614548,58.84,184.199997,175.285309,258.429993,122.709999,183.651718,239.04426600000002,68.178696,226.930527,335.950012,62.810001,27.459999,71.489998,106.0,72.900002,213.340363,109.480003,230.81123399999998,101.629997,99.226479,79.129997,80.870003,35.720001,120.83000200000001,78.46461500000001,88.49398000000001,43.709998999999996,74.839996,267.519287,173.240005,244.72000099999997,94.07,100.040001,419.040009,144.832565,171.639999,86.33744,165.88218700000002,84.9589,58.151478000000004,650.599976,46.900002,72.0,36.20459,78.820663,91.585884,366.959991,87.456772,157.76091,210.003906,116.55081200000001,227.885483,108.489998,157.929993,209.75,65.674934,121.82986499999998,75.266266
2018-01-16,71.230003,102.489998,99.162415,58.439999,184.639999,177.883972,263.880005,124.480003,184.147964,240.96801800000003,67.510284,227.757675,338.850006,59.919998,26.98,72.58000200000001,104.82,70.620003,214.700058,109.300003,230.931229,101.220001,99.306343,79.150002,80.410004,35.060001,120.07,79.685974,88.484009,43.75,76.040001,269.665314,176.100006,241.419998,91.650002,99.93,420.07000700000003,145.92558300000002,171.0,84.659927,170.28243999999998,84.829651,61.531918000000005,649.419983,46.639998999999996,69.739998,36.264038,78.460983,90.648071,370.209991,87.53647600000001,158.99723799999998,207.84561200000002,116.32100700000001,232.131424,108.08000200000001,155.71000700000002,208.940002,65.535179,121.410797,75.416016
2018-01-17,72.059998,104.360001,100.905602,58.990002000000004,185.100006,175.952393,272.25,122.120003,186.59944199999998,248.34407000000002,68.03903199999999,230.57798799999998,344.869995,61.849998,27.25,72.650002,102.019997,70.279999,220.30874599999999,111.349998,235.16069,101.489998,99.426147,79.059998,80.779999,34.810001,120.489998,81.165504,89.091911,44.0,76.349998,275.23486299999996,179.360001,242.05000299999998,90.309998,100.220001,431.10000599999995,146.044815,172.649994,85.573128,172.447632,85.615112,61.492264,656.51001,46.779999,69.400002,36.838715,79.58000200000001,91.38634499999999,374.070007,88.403275,159.794876,211.312881,115.951324,237.643173,109.32,156.990005,209.16000400000001,62.540428000000006,122.219002,76.643997
2018-01-18,72.190002,103.809998,100.467308,59.07,185.490005,178.859711,270.700012,120.349998,186.182587,248.84245299999998,69.03666700000001,231.32542400000003,344.440002,61.830002,27.4,71.709999,101.720001,69.489998,219.608917,111.0,235.490646,101.57,99.575897,78.190002,80.0,34.860001000000004,121.720001,80.59951,89.799461,43.849998,74.620003,278.91796899999997,179.0,241.309998,91.91999799999999,99.91999799999999,432.07000700000003,145.985199,173.110001,85.18600500000001,171.399948,86.758507,60.600067,653.75,46.509997999999996,70.160004,36.650459000000005,79.540001,91.47614300000001,371.27999900000003,88.46305100000001,159.80483999999998,212.242142,117.220238,242.35757400000003,109.57,157.190002,207.869995,62.201023,121.91967,76.33000200000001
2018-01-19,73.07,104.639999,99.67041800000001,59.310001,187.800003,180.542374,269.459991,121.050003,187.85990900000002,249.251129,69.844765,233.70724500000003,342.410004,62.279999,27.65,71.910004,102.650002,68.910004,220.09878500000002,110.66999799999999,240.61999500000002,103.059998,100.394547,78.610001,80.220001,35.830002,123.910004,80.410851,92.689468,43.459998999999996,75.959999,278.778229,180.630005,243.55000299999998,93.160004,103.0,433.23001100000005,146.422394,174.389999,84.85844399999999,169.983093,86.181839,60.748764,666.6900019999999,46.73,71.589996,36.600914,80.860001,91.665695,371.52999900000003,88.35345500000001,160.80188,213.341278,117.98958600000002,242.54695099999998,110.32,157.970001,210.72000099999997,61.841652,123.206818,76.620003
2018-01-22,73.480003,106.489998,102.260307,59.57,189.33999599999999,187.33273300000002,267.100006,123.66999799999999,190.887039,249.68971299999998,70.034309,235.899719,347.640015,63.279999,27.709999,73.510002,102.910004,69.129997,220.698654,111.589996,241.309998,103.57,99.805527,78.949997,81.120003,36.110001000000004,124.510002,80.83783000000001,92.539986,43.240002000000004,76.410004,281.343414,180.949997,245.190002,94.08000200000001,102.839996,433.94000199999994,147.19743300000002,176.259995,84.808815,172.577347,85.555458,60.719025,670.880005,47.639998999999996,76.779999,36.591007,81.199997,93.222061,375.859985,87.18776700000001,162.038208,215.149857,117.709824,242.75624100000002,110.019997,161.91000400000001,214.770004,60.693661,125.92079199999999,77.480003
2018-01-23,73.440002,105.379997,102.40971400000001,59.23,189.309998,187.243134,272.160004,125.589996,190.549591,249.68971299999998,69.43573,233.90657000000002,346.75,63.43,27.82,73.209999,104.550003,69.190002,219.73887599999998,110.970001,238.69999700000002,103.120003,99.78555300000001,79.040001,81.150002,35.799999,124.400002,80.38105,91.41387900000001,42.950001,76.300003,282.331573,182.229996,242.940002,94.629997,103.209999,439.549988,140.927582,175.779999,83.79634899999999,170.222565,84.740173,61.165127000000005,667.150024,46.849998,77.790001,36.482018,81.43,93.770767,381.709991,99.98048399999999,161.459915,214.380463,117.150299,244.40081800000002,110.809998,166.580002,210.99000499999997,61.063015,124.23453500000001,77.589996
2018-01-24,73.58000200000001,105.510002,104.21266899999999,61.720001,190.139999,185.908966,272.27999900000003,125.010002,189.199799,252.171661,69.974457,237.82310499999997,346.5,63.759997999999996,27.91,74.690002,103.110001,67.699997,220.94859300000002,111.019997,239.330002,104.620003,101.21320300000001,78.639999,80.959999,35.990002000000004,124.790001,80.7286,91.174706,42.900002,77.410004,285.785126,184.080002,242.49000499999997,95.339996,103.5,437.48001100000005,141.166061,174.83999599999999,83.677238,174.193756,85.267128,60.649632,672.6900019999999,46.119999,76.529999,36.591007,81.41999799999999,93.391663,383.320007,99.850967,164.002365,215.149857,117.88967099999999,244.041992,113.050003,167.449997,214.30000299999998,61.721863,124.743401,78.33000200000001
2018-01-25,73.860001,108.300003,103.963646,63.220001,191.869995,186.30722,273.559998,124.949997,188.65391499999998,250.53697200000002,70.88230899999999,241.520416,353.73999,63.52,28.26,73.989998,104.389999,68.050003,221.8284,110.660004,243.789993,105.150002,102.531029,78.959999,80.800003,36.130001,126.239998,80.61936999999999,92.510086,42.900002,78.139999,285.375885,185.729996,243.38999900000002,94.260002,104.58000200000001,449.80999800000006,143.481216,174.71000700000002,84.381996,174.812378,86.32103000000001,60.768593,678.049988,45.990002000000004,78.93,36.888256,82.75,94.36936999999999,391.839996,101.245811,165.05921899999998,217.707825,119.028702,244.37089500000002,127.010002,166.240005,217.210007,62.70015,124.46401999999999,79.25
2018-01-26,74.82,123.209999,105.069321,63.419998,193.100006,186.118042,283.97000099999997,128.08999599999999,194.539413,257.354828,72.089455,245.436966,367.910004,64.25,28.42,74.970001,105.16999799999999,68.599998,226.16738900000001,110.800003,245.580002,106.620003,103.629227,79.099998,81.32,36.509997999999996,128.16000400000001,84.85936,96.735474,43.380001,78.93,287.75143399999996,187.029999,244.830002,95.510002,106.010002,440.23999000000003,144.405319,176.41000400000001,86.436699,176.329025,86.61930799999999,61.502178,692.299988,46.200001,79.029999,38.651913,82.75,94.92806999999999,374.359985,102.421471,168.409256,219.606323,121.126923,247.65005499999998,129.46000700000002,169.21000700000002,218.13999900000002,62.730095,125.95072900000001,80.089996
2018-01-29,74.529999,122.309998,104.680832,63.310001,193.740005,186.486435,276.769989,126.790001,196.514496,256.188599,71.879951,244.09156800000002,358.480011,64.43,28.33,75.230003,103.260002,68.730003,223.84791600000003,111.269997,243.600006,107.879997,103.519402,79.089996,81.91999799999999,36.93,126.900002,88.175888,97.283585,43.75,79.410004,290.685944,186.779999,241.77999900000003,93.540001,105.58000200000001,436.339996,142.76580800000002,178.110001,86.95285799999999,175.939896,86.221611,61.095734,685.789978,45.98,82.389999,38.661823,82.18,92.144577,382.880005,102.44139100000001,168.249725,218.637085,120.167732,246.593552,128.570007,167.139999,218.69999700000002,61.871596999999994,127.10816200000001,79.18
2018-01-30,72.989998,115.879997,102.061081,62.439999,187.889999,183.57913200000002,270.079987,122.360001,189.834991,242.65255699999997,71.58065,242.666473,352.589996,63.959998999999996,28.030001000000002,73.870003,101.58000200000001,69.360001,207.841644,108.690002,242.86000099999998,107.160004,101.432838,78.93,79.309998,36.240002000000004,126.739998,86.676498,101.10038,43.130001,78.07,281.76266499999997,186.58999599999999,241.17999300000002,92.5,104.370003,427.839996,141.52375800000002,177.470001,85.45401,171.370026,85.46597299999999,60.12422900000001,677.1400150000001,44.02,82.449997,37.453022,81.050003,89.94970699999999,379.769989,100.299309,167.950623,214.450394,122.42581200000001,235.86904900000002,127.739998,166.53999299999998,214.86999500000002,61.292614,125.661369,78.349998
2018-01-31,73.43,112.220001,99.281937,62.16,186.820007,179.477005,262.0,119.32,184.65416000000002,247.048294,71.859993,242.108398,347.809998,62.599998,27.959999,71.790001,101.160004,69.129997,208.301544,107.239998,244.669998,105.82,101.113365,78.040001,79.18,35.990002000000004,126.58000200000001,83.21102900000001,100.811386,42.700001,75.68,281.303497,187.03999299999998,232.63999900000002,90.290001,102.190002,431.670013,137.310745,174.5,80.84828900000001,168.506378,85.396378,58.736362,675.26001,42.849998,83.610001,36.700001,80.160004,90.408638,366.649994,100.418869,163.892685,223.93290699999997,121.39668300000001,235.998627,127.5,166.869995,215.61000099999998,60.703648,126.83876000000001,76.730003
2018-02-01,72.83000200000001,116.339996,98.903419,62.18,187.389999,177.76448100000002,255.57000699999998,118.089996,184.167816,243.14096099999998,69.784897,240.69325299999997,346.0,62.799999,27.629998999999998,69.059998,100.339996,68.290001,204.962311,106.730003,243.61000099999998,103.58000200000001,101.692413,77.550003,78.099998,35.700001,126.980003,82.903198,101.88765699999999,42.580002,75.279999,279.247345,193.949997,230.289993,89.66999799999999,104.120003,425.920013,139.129105,173.03999299999998,81.801201,165.902145,84.491608,59.341076,684.1099849999999,43.049999,88.739998,36.830002,80.019997,90.74784100000001,345.790009,99.283066,164.291504,222.18427999999997,121.18686699999999,234.443771,127.32,172.990005,217.36999500000002,60.623782999999996,127.90639499999999,77.82
2018-02-02,71.25,115.16999799999999,95.646149,61.689999,185.0,171.760681,257.380005,116.150002,185.606949,238.40632599999998,68.38820600000001,236.298355,343.829987,63.48,27.389999,67.459999,99.800003,66.389999,204.41246,103.75,241.32000699999998,103.110001,102.011887,75.650002,76.5,35.0,131.830002,81.155579,99.346451,42.040001000000004,74.349998,275.983459,186.360001,220.17999300000002,85.91999799999999,100.540001,416.959991,136.803986,169.66000400000001,80.58028399999999,158.857773,83.964653,58.052344999999995,667.159973,42.099998,88.0,36.610001000000004,78.08000200000001,90.189148,347.859985,96.61293,161.76899699999998,217.517975,119.198563,231.114792,124.860001,166.240005,212.49000499999997,59.954956,125.511703,76.779999
2018-02-05,68.220001,109.510002,91.542198,58.73,180.949997,164.28329499999998,242.399994,112.720001,173.43893400000002,229.704559,65.365356,224.05042999999998,328.309998,60.959998999999996,26.4,64.339996,93.739998,63.41,196.364319,99.379997,230.99000499999997,100.099998,96.540901,72.839996,74.5,33.779999,126.699997,77.819191,95.55954,40.299999,71.800003,266.601044,180.360001,213.0,85.339996,96.75,399.01001,129.560364,163.220001,76.917542,152.05285600000002,80.952065,55.911072,635.5,40.330002,82.440002,34.669998,74.779999,86.687332,331.980011,92.986336,153.942261,208.145386,113.443459,219.29393,119.620003,155.139999,203.259995,58.437614,122.907478,73.83000200000001
2018-02-06,68.449997,111.199997,91.183594,58.860001000000004,182.009995,167.59883100000002,241.44999700000002,114.910004,175.32466100000002,234.070404,66.512642,226.74117999999999,332.859985,60.900002,26.719998999999998,65.440002,96.25,63.990002000000004,197.544037,103.66999799999999,229.27999900000003,101.129997,96.890327,74.029999,75.940002,34.700001,127.08000200000001,79.81505600000001,98.36981999999999,40.389998999999996,73.529999,268.617249,180.050003,220.80000299999998,88.110001,98.059998,408.329987,130.99121100000002,168.669998,77.413849,152.182571,81.20063,54.979218,637.280029,40.98,78.730003,35.279999,76.0,87.83465600000001,338.799988,94.700005,153.683044,209.31445300000001,116.76063500000001,224.43688999999998,118.58000200000001,159.270004,202.720001,58.35775400000001,122.029427,73.269997
2018-02-07,68.059998,113.620003,93.853165,58.669998,181.490005,169.649887,234.330002,117.150002,176.138519,237.66873199999998,65.395287,221.16033900000002,326.890015,62.630001,26.32,65.139999,95.160004,63.48,195.394547,104.379997,230.47000099999997,100.58000200000001,95.093285,74.660004,74.949997,34.82,129.699997,82.178337,98.06089,40.450001,72.970001,264.405121,176.830002,221.19999700000002,86.339996,98.209999,399.52999900000003,130.58381699999998,169.66000400000001,76.15323599999999,152.491882,80.882469,55.39558,641.960022,40.450001,76.57,34.98,75.769997,87.315857,334.609985,92.589996,153.21443200000002,207.385986,117.020416,225.074799,116.91999799999999,155.669998,201.979996,58.198032,120.51278700000002,73.860001
2018-02-08,65.050003,108.480003,91.193558,56.27,178.0,163.486771,220.710007,108.470001,171.821152,229.824188,62.412346,210.716217,311.790009,62.689999,25.200001,66.629997,91.019997,61.220001,189.225983,100.360001,223.169998,96.41999799999999,92.008377,71.910004,73.349998,35.34,123.779999,77.670242,95.639267,38.799999,70.849998,261.879852,169.279999,209.53999299999998,83.91999799999999,95.230003,381.869995,125.55601499999999,165.46000700000002,73.661774,149.897629,77.929535,54.255547,601.0,39.25,74.650002,33.630001,72.059998,84.24305,322.619995,89.260002,147.571213,198.57295200000002,114.772324,215.745682,112.82,151.600006,191.78999299999998,56.75056800000001,115.274399,71.510002
2018-02-09,66.980003,111.300003,88.842751,57.169998,176.389999,162.062988,229.36999500000002,108.599998,172.158615,230.960495,64.158211,216.39671299999998,316.77999900000003,62.700001,25.92,66.720001,92.510002,61.310001,193.724945,101.660004,226.75999500000003,98.339996,94.304588,72.970001,71.709999,36.849998,126.269997,78.762512,97.502815,37.75,71.75,264.824341,172.949997,217.190002,84.5,96.050003,392.910004,128.705841,168.080002,75.666855,148.600494,79.023224,54.394332999999996,600.369995,39.279999,74.639999,34.16,72.83000200000001,85.11101500000001,336.380005,91.050003,150.771698,200.021805,115.181976,220.230835,114.5,152.96000700000002,193.58999599999999,57.07999399999999,116.1325,72.349998
2018-02-12,68.43,111.93,89.10173,57.41,177.380005,161.754333,233.13000499999998,115.43,173.558029,232.017059,64.846588,218.140717,316.630005,63.16,26.18,68.029999,91.510002,62.490002000000004,193.514984,103.089996,226.75999500000003,99.07,95.253029,73.410004,72.889999,36.689999,126.889999,79.576752,97.941307,38.040001000000004,72.18,266.551117,175.059998,221.02999900000003,87.519997,98.629997,398.51001,129.441132,168.490005,75.686707,148.69030800000002,79.778847,54.949478000000006,613.869995,40.599998,78.699997,34.66,74.5,85.10104399999999,342.670013,91.730003,153.204468,204.348389,115.511696,224.945221,116.699997,152.009995,198.449997,57.279644,116.262207,73.190002
2018-02-13,68.339996,111.860001,97.389336,57.639998999999996,178.520004,158.03057900000002,233.729996,113.970001,174.62001,232.694855,64.477455,214.662659,316.98999,63.869999,26.110001,65.690002,91.980003,62.490002000000004,195.394547,103.0,225.82000699999998,101.389999,94.823738,73.540001,73.589996,36.41,127.349998,80.222183,98.579102,37.799999,67.389999,267.569214,175.389999,220.440002,88.029999,100.059998,402.0,129.133118,171.009995,75.647003,145.856583,79.758965,54.424076,613.6900019999999,40.41,75.660004,34.939999,74.220001,85.609848,324.570007,91.519997,154.101791,203.33918799999998,116.10118899999999,225.89209,116.239998,154.139999,200.199997,56.890327,115.673515,73.239998
2018-02-14,69.699997,113.08000200000001,96.02467299999999,58.279999,176.770004,165.906219,246.33999599999999,123.199997,179.520004,234.259796,65.874153,219.19708300000002,296.079987,65.349998,26.809998999999998,67.339996,94.389999,62.220001,195.504517,102.129997,229.789993,101.510002,95.941887,74.75,74.93,37.32,130.21000700000002,81.24494200000001,99.565689,38.029999,68.43,266.97033700000003,178.259995,223.11000099999998,88.16999799999999,104.68,409.890015,128.844955,172.690002,77.029999,148.44087199999998,81.389542,54.424076,624.669983,41.34,84.0,35.189999,75.459999,86.45787,330.690002,93.470001,155.776825,208.145386,116.75064099999999,228.02502400000003,119.529999,157.259995,204.619995,57.07999399999999,117.439598,74.459999
2018-02-15,72.019997,114.900002,97.220001,59.5,177.169998,163.7556,252.770004,122.709999,183.600006,231.30935699999998,66.283188,221.74832200000003,299.380005,68.980003,27.09,68.099998,96.139999,64.400002,191.895355,99.760002,232.52999900000003,103.089996,97.309639,73.839996,74.07,38.07,134.679993,80.976845,100.602104,39.18,68.379997,266.950378,181.449997,229.13000499999998,85.589996,101.57,418.559998,130.39502,173.96000700000002,78.019997,148.371017,82.46333299999999,55.504627,631.969971,41.650002,82.139999,35.709998999999996,76.43,89.440895,333.179993,94.190002,158.06999199999998,210.55348199999997,118.399239,225.27413900000002,121.870003,160.940002,206.899994,57.59908299999999,119.524979,78.5
2018-02-16,71.970001,118.599998,99.400002,60.169998,178.509995,163.327469,251.5,120.470001,183.550003,234.259796,66.173447,222.10708599999998,291.869995,68.959999,27.200001,69.339996,95.260002,64.220001,193.764923,100.220001,232.47000099999997,104.529999,97.379524,73.650002,75.230003,37.700001,133.820007,80.132813,100.65193199999999,39.290001000000004,69.519997,268.497467,182.479996,229.19999700000002,86.029999,101.720001,415.980011,132.30281100000002,177.78999299999998,78.970001,150.167038,82.8312,55.802025,634.369995,42.139998999999996,83.43,36.259997999999996,76.389999,89.341133,332.149994,93.809998,159.396057,210.443573,117.799751,228.61306800000003,121.260002,160.720001,206.179993,58.327808,120.21345500000001,79.730003
2018-02-20,71.08000200000001,117.980003,99.940002,59.119999,178.029999,159.892456,255.44999700000002,118.849998,182.979996,231.468842,66.881775,219.06753500000002,287.450012,67.349998,26.83,68.839996,93.849998,63.0,192.555206,100.260002,230.36999500000002,102.260002,96.690651,72.769997,76.050003,37.389998999999996,134.320007,80.37113199999999,100.65193199999999,38.869999,67.970001,266.83056600000003,183.16000400000001,226.57000699999998,85.510002,100.260002,421.76000999999997,130.037308,174.41000400000001,77.550003,148.520691,81.140976,54.50338000000001,624.219971,41.34,83.449997,36.009997999999996,75.870003,86.83698299999999,323.040009,92.83000200000001,158.269409,207.675751,117.08036000000001,225.91201800000002,120.16999799999999,160.979996,203.869995,58.048297999999996,118.45734399999999,80.349998
2018-02-21,71.25,117.910004,98.57,58.990002000000004,175.770004,158.61801100000002,252.13999900000002,117.099998,182.429993,231.27944900000003,66.891747,217.95137000000003,286.100006,66.529999,26.77,68.809998,93.889999,63.369999,191.605423,100.199997,229.13999900000002,101.910004,97.189835,72.550003,75.83000200000001,37.529999,134.25,80.122887,100.004173,38.849998,68.68,265.882385,183.940002,227.91000400000001,84.709999,99.760002,416.559998,129.083435,173.759995,77.550003,149.259048,80.256096,54.07710600000001,628.6099849999999,41.209998999999996,86.449997,35.759997999999996,76.18,86.896843,317.51001,93.199997,157.411957,209.624207,115.37181899999999,224.38707000000002,120.129997,157.889999,204.229996,57.958454,118.41743500000001,80.5
2018-02-22,70.68,117.559998,97.120003,58.990002000000004,175.059998,158.707626,259.679993,114.589996,182.449997,232.92411800000002,67.27085100000001,217.57267799999997,284.809998,65.940002,26.48,67.83000200000001,93.779999,62.91,191.855362,99.489998,227.97000099999997,100.849998,97.199814,72.07,74.720001,37.66,133.669998,78.841949,100.19351999999999,38.939999,67.970001,267.309692,183.860001,226.74000499999997,85.190002,98.379997,419.790009,129.083435,171.21000700000002,77.190002,149.757935,79.94787600000001,54.096934999999995,624.969971,41.279999,88.209999,35.740002000000004,75.959999,86.866913,315.820007,93.779999,158.488754,208.964737,116.61075600000001,226.34059100000002,119.839996,157.58999599999999,204.470001,57.010117,117.31987,80.760002
2018-02-23,70.699997,118.75,98.41999799999999,59.709998999999996,175.550003,161.385941,265.070007,118.93,186.669998,234.47907999999998,68.198654,219.585754,292.77999900000003,67.949997,27.200001,69.309998,95.610001,64.529999,194.74469,100.449997,230.539993,102.599998,99.16658000000001,73.18,77.0,37.189999,135.639999,80.341339,100.49247700000001,39.209998999999996,68.050003,270.68338,187.610001,233.83999599999999,87.800003,99.779999,427.51000999999997,131.18000800000002,172.369995,78.75,152.312271,79.927986,54.394332999999996,636.099976,41.450001,89.599998,36.259997999999996,77.019997,88.044159,323.859985,95.41999799999999,161.220627,211.54270899999997,116.31102,229.400467,121.16999799999999,165.899994,208.470001,57.569134,118.587051,82.790001
2018-02-26,70.58000200000001,121.540001,100.58000200000001,60.529999,175.75,165.03999299999998,266.579987,121.33000200000001,188.5,237.44943199999997,68.976814,224.25970499999997,290.01001,68.629997,27.620001000000002,70.57,96.489998,64.25,195.834442,102.68,232.83999599999999,104.089996,100.664108,73.5,77.639999,36.669998,136.720001,81.21515699999999,99.675308,39.830002,67.690002,274.067047,186.08999599999999,233.42999300000002,87.529999,99.970001,432.0,132.070007,174.83999599999999,80.18,154.178146,81.94632,55.57402,636.630005,41.779999,90.559998,37.09,77.870003,88.094048,324.890015,96.400002,165.278564,213.900848,116.62075,233.287598,122.389999,169.53999299999998,208.449997,56.95021800000001,119.614777,83.300003
2018-02-27,69.0,118.260002,97.639999,60.549999,176.270004,159.91000400000001,263.869995,118.339996,185.78999299999998,236.44270299999997,68.527878,224.27963300000002,290.100006,67.839996,27.450001,70.040001,95.779999,63.950001,196.80423000000002,102.370003,232.17999300000002,104.790001,99.406181,73.66999799999999,78.639999,36.740002000000004,135.229996,79.795204,101.209999,39.560001,67.209999,276.402679,187.979996,229.729996,86.57,99.57,430.98001100000005,131.669998,175.33999599999999,78.699997,153.33999599999999,80.77310200000001,54.245636,625.570007,41.110001000000004,90.050003,36.799999,76.949997,81.808739,320.97000099999997,95.5,163.633453,210.513504,117.5,231.75268599999998,121.610001,165.880005,206.110001,57.229732999999996,117.878624,81.66999799999999
2018-02-28,68.589996,115.83000200000001,95.160004,60.330002,177.059998,154.220001,262.519989,117.449997,183.770004,234.61862200000002,67.63000500000001,221.26001000000002,288.98999,66.199997,27.26,69.209999,87.120003,64.160004,195.844437,101.41999799999999,230.520004,103.050003,97.619125,72.019997,75.449997,38.5,133.669998,78.176659,99.25,38.830002,66.190002,271.312225,187.229996,228.020004,85.160004,98.33000200000001,426.450012,129.880005,172.699997,77.019997,149.229996,79.430862,53.74996899999999,616.219971,40.32,86.559998,36.310001,76.339996,81.269997,320.440002,95.269997,161.679276,208.415176,114.199997,225.413666,119.339996,166.029999,204.639999,55.961952000000004,115.992805,80.860001
2018-03-01,67.379997,113.839996,93.300003,58.790001000000004,176.449997,148.190002,245.55000299999998,115.110001,183.28999299999998,231.289413,66.309998,217.373352,282.350006,65.690002,26.5,68.279999,87.190002,62.369999,193.375015,99.809998,226.86999500000002,100.410004,95.83206899999999,70.449997,74.07,40.02,132.91000400000001,76.98509200000001,99.43,37.990002000000004,63.439999,269.216125,182.509995,224.539993,83.089996,97.199997,412.130005,127.279999,170.33999599999999,76.5,146.53999299999998,77.849998,53.234478,596.169983,40.689999,84.550003,35.630001,74.269997,79.57,321.77999900000003,93.959999,158.81776399999998,205.04783600000002,116.019997,223.70930499999997,117.389999,165.830002,198.169998,55.193298,113.298782,80.440002
2018-03-02,67.510002,115.040001,93.959999,59.459998999999996,177.529999,144.020004,253.710007,117.91999799999999,185.080002,232.326065,66.279999,216.90495299999998,286.959991,66.16999799999999,26.77,68.940002,89.33000200000001,62.939999,193.01509099999998,100.779999,234.38000499999998,101.440002,96.061691,71.910004,74.769997,40.049999,134.559998,78.13694,101.379997,38.209998999999996,65.190002,269.295959,185.770004,229.190002,86.610001,98.16999799999999,417.390015,128.820007,172.229996,77.230003,149.899994,77.879829,53.88875600000001,593.26001,40.970001,102.870003,35.950001,74.730003,82.989998,330.47000099999997,94.91999799999999,160.323303,206.276871,123.839996,224.446869,120.489998,170.059998,200.110001,56.860378000000004,116.79103899999998,81.279999
2018-03-05,67.550003,115.660004,94.900002,60.369999,178.46000700000002,148.729996,255.49000499999997,119.5,190.130005,231.289413,66.849998,216.52627599999997,286.950012,66.82,27.41,70.400002,89.040001,64.33000200000001,192.29525800000002,101.91999799999999,236.5,102.889999,97.41945600000001,72.190002,74.760002,40.419998,136.240005,77.372353,101.110001,38.639998999999996,66.040001,270.084503,191.139999,230.88000499999998,90.970001,99.690002,424.25,129.78999299999998,173.990005,77.699997,151.309998,79.281723,53.92841,599.950012,41.540001000000004,102.08000200000001,36.119999,74.510002,82.809998,333.910004,95.440002,162.05813600000002,206.59660300000002,123.849998,227.62634300000002,122.660004,173.16000400000001,201.380005,55.762302000000005,117.868645,81.889999
2018-03-06,68.110001,114.559998,94.699997,60.880001,178.229996,150.71000700000002,255.97000099999997,118.129997,190.350006,231.997131,67.010002,216.217331,285.980011,65.470001,27.41,69.91999799999999,89.16999799999999,64.980003,194.084854,101.029999,240.399994,104.139999,97.58917199999999,72.059998,74.58000200000001,41.700001,137.850006,78.762512,100.989998,38.41,66.029999,272.599792,190.58999599999999,235.75999500000003,91.089996,100.660004,426.5,128.220001,172.720001,77.190002,151.169998,79.94787600000001,53.829273,605.289978,43.23,98.089996,35.880001,75.610001,82.41999799999999,333.480011,96.18,162.247574,209.95394900000002,124.949997,225.433594,123.440002,168.720001,205.320007,56.271407999999994,117.82873500000001,81.510002
2018-03-07,69.699997,114.720001,95.599998,61.290001000000004,178.639999,153.220001,262.899994,118.379997,187.529999,231.11000099999998,67.019997,218.350006,284.540009,66.099998,27.59,70.040001,90.220001,65.040001,194.204819,101.709999,246.229996,104.360001,100.65412099999999,72.190002,73.41999799999999,42.759997999999996,137.770004,79.427803,101.309998,38.639998999999996,67.129997,272.77948,194.419998,241.19999700000002,91.699997,101.93,430.459991,129.03999299999998,171.449997,77.440002,151.75,80.66373399999999,53.997803000000005,611.539978,42.490002000000004,101.300003,35.93,77.0,82.860001,334.410004,96.650002,162.506805,211.99233999999998,126.199997,226.520004,123.699997,170.169998,207.5,56.331306000000005,120.7323,81.760002
2018-03-08,69.849998,117.010002,96.239998,61.869999,176.25,153.5,268.179993,120.010002,187.16000400000001,228.789993,67.82,223.440002,284.690002,66.75,27.85,70.41999799999999,91.190002,63.66,171.959991,100.279999,248.580002,104.639999,101.442825,72.599998,79.720001,42.790001000000004,138.25,79.50724,102.349998,38.66,67.129997,269.016479,197.449997,243.520004,92.41999799999999,103.25,432.35998499999994,132.059998,172.800003,78.889999,153.979996,81.737526,54.285286,606.880005,42.009997999999996,108.440002,36.5,77.199997,85.059998,340.77999900000003,97.610001,162.865753,211.5327,127.269997,224.729996,123.510002,171.880005,208.96000700000002,56.85039499999999,119.944046,82.540001
2018-03-09,71.129997,119.290001,99.0,63.599998,177.380005,157.279999,271.73999,125.68,191.100006,232.80000299999998,68.889999,226.11999500000002,286.100006,67.91999799999999,28.540001,71.160004,92.559998,64.910004,173.360001,102.660004,251.42999300000002,106.989998,103.569321,72.459999,80.75,42.889998999999996,139.320007,80.152672,103.900002,39.57,68.43,271.990936,203.169998,250.11999500000002,94.230003,105.599998,440.459991,133.800003,175.75,79.610001,155.78999299999998,82.672127,54.661991,616.0,42.509997999999996,108.339996,36.77,79.220001,84.949997,341.700012,99.68,165.916672,217.717819,126.660004,225.42999300000002,126.550003,176.259995,212.69999700000002,57.569134,120.592606,84.519997
2018-03-12,70.709999,118.300003,100.290001,63.619999,177.070007,158.41000400000001,275.609985,127.08000200000001,189.300003,229.86000099999998,68.5,225.5,279.899994,67.449997,28.540001,72.360001,92.279999,64.639999,167.309998,100.300003,240.94999700000002,105.599998,103.229881,72.260002,78.25,43.509997999999996,140.03999299999998,80.49028,103.559998,38.93,67.849998,267.708954,204.350006,253.169998,94.449997,105.93,438.950012,132.630005,175.610001,79.040001,157.800003,82.82126600000001,54.880089,615.909973,42.779999,103.07,36.610001000000004,78.779999,86.139999,344.549988,99.540001,167.392273,217.31812999999997,126.279999,222.770004,126.550003,177.130005,212.86999500000002,58.317822,117.99836,84.410004
2018-03-13,70.68,119.75,100.599998,63.200001,177.440002,163.190002,269.709991,121.08000200000001,189.75,230.22000099999997,68.089996,223.850006,283.23999,66.68,28.43,72.269997,91.559998,63.049999,164.389999,101.66999799999999,236.86000099999998,104.989998,102.63086700000001,70.190002,77.0,42.720001,140.830002,81.145645,102.58000200000001,38.779999,68.040001,269.47564700000004,204.529999,253.539993,94.629997,105.68,440.22000099999997,134.350006,174.649994,79.150002,157.690002,82.990288,54.889998999999996,612.0,42.349998,103.160004,36.75,78.08000200000001,86.510002,337.75,98.889999,166.61459399999998,214.94999700000002,123.889999,226.940002,125.489998,174.96000700000002,212.13000499999998,57.69891,117.65911100000001,84.589996
2018-03-14,69.91999799999999,118.940002,98.58000200000001,62.860001000000004,176.619995,167.059998,272.480011,122.68,190.570007,229.02999900000003,67.279999,223.520004,285.72000099999997,66.629997,28.01,72.040001,91.610001,62.040001000000004,166.880005,103.559998,233.88999900000002,104.959999,102.011887,70.029999,76.699997,39.41,141.0,80.529999,101.93,38.439999,68.300003,269.994659,203.580002,251.789993,92.260002,104.839996,440.76998899999995,132.320007,174.350006,78.489998,155.440002,81.827011,54.799999,606.130005,42.02,104.510002,36.349998,77.089996,85.779999,341.420013,98.589996,165.886765,213.460007,123.260002,225.38000499999998,125.739998,174.380005,211.22000099999997,57.199783,115.982826,84.349998
2018-03-15,70.18,114.93,97.360001,62.59,174.58999599999999,166.119995,272.869995,126.83000200000001,189.75,230.0,67.589996,224.149994,286.700012,66.25,27.84,70.699997,89.910004,61.779999,166.899994,105.239998,234.00999500000003,104.720001,102.051819,69.449997,76.33000200000001,39.889998999999996,141.100006,79.510002,103.150002,38.48,67.989998,270.583557,203.369995,251.61000099999998,88.690002,105.339996,441.950012,133.059998,173.830002,78.75,153.96000700000002,81.558563,55.25,613.830017,41.669998,102.010002,36.580002,77.599998,84.449997,334.929993,98.110001,165.95654299999998,212.44999700000002,123.83000200000001,229.479996,125.379997,173.970001,212.33999599999999,56.85039499999999,115.66353600000001,84.690002
2018-03-16,69.900002,113.709999,96.610001,63.18,173.91000400000001,168.96000700000002,270.410004,126.75,188.240005,228.11000099999998,67.889999,223.270004,287.619995,66.599998,27.93,70.949997,89.610001,61.259997999999996,168.669998,105.610001,235.690002,104.349998,101.762299,68.529999,76.019997,39.009997999999996,142.33999599999999,79.739998,102.769997,38.459998999999996,68.050003,272.22052,204.729996,253.91000400000001,90.029999,105.690002,435.85998499999994,133.679993,173.830002,80.489998,152.330002,80.822815,55.669998,613.880005,41.73,103.0,36.779999,77.339996,84.230003,343.299988,98.190002,167.013397,210.440002,123.510002,227.86000099999998,124.839996,175.66000400000001,213.17999300000002,56.231483,116.571526,84.599998
2018-03-19,69.339996,112.029999,93.0,62.259997999999996,172.059998,166.270004,265.390015,122.029999,182.550003,227.99000499999997,66.760002,219.52999900000003,278.369995,66.07,27.620001000000002,69.989998,88.529999,60.389998999999996,166.440002,104.410004,232.850006,103.860001,100.144958,68.410004,72.989998,38.029999,139.399994,77.18,102.660004,37.84,67.83000200000001,269.47564700000004,199.059998,248.729996,86.269997,104.760002,426.85998499999994,130.240005,170.580002,78.730003,147.619995,79.66947900000001,54.630001,611.51001,40.799999,105.010002,36.330002,76.889999,82.199997,339.079987,97.75,165.537796,211.72000099999997,123.07,225.05000299999998,123.870003,170.770004,212.979996,55.362999,114.496124,83.150002
2018-03-20,69.849998,112.650002,89.190002,62.650002,171.630005,163.619995,270.399994,120.220001,182.029999,229.979996,66.910004,219.899994,279.679993,66.43,27.67,65.410004,88.269997,59.439999,165.0,103.650002,232.020004,103.57,100.394547,66.370003,72.41999799999999,38.040001000000004,141.33999599999999,76.91999799999999,100.599998,37.810001,65.720001,273.088898,200.720001,252.649994,87.010002,104.809998,430.19000199999994,131.21000700000002,170.5,78.370003,141.809998,79.440804,54.639998999999996,611.900024,40.41,107.199997,36.330002,77.66999799999999,80.760002,333.859985,98.18,166.016373,214.72000099999997,122.900002,226.77999900000003,124.220001,171.470001,214.460007,54.504505,114.146904,84.660004
2018-03-21,69.400002,112.449997,89.5,62.419998,170.009995,163.699997,270.140015,117.889999,181.58999599999999,225.99000499999997,66.459999,218.5,277.290009,66.099998,27.66,65.690002,88.309998,59.860001000000004,167.050003,104.690002,228.33999599999999,103.629997,99.645782,66.839996,71.68,38.310001,139.070007,76.489998,100.900002,38.189999,65.66999799999999,270.304077,200.229996,246.83999599999999,88.790001,104.110001,424.98999000000003,131.190002,169.570007,78.239998,142.919998,79.58000200000001,54.689999,606.409973,41.16,106.910004,36.27,77.199997,82.339996,334.869995,98.33000200000001,164.241638,212.960007,124.220001,222.82000699999998,123.410004,170.33999599999999,211.17999300000002,54.035328,114.12694499999999,84.099998
2018-03-22,67.470001,98.099998,85.0,60.93,169.449997,162.580002,260.130005,114.230003,176.080002,218.850006,65.550003,213.25,271.890015,63.950001,26.940001000000002,63.860001000000004,86.910004,57.470001,165.33999599999999,103.839996,224.77999900000003,102.300003,97.32959699999999,65.790001,70.470001,37.529999,137.300003,75.57,99.790001,38.150002,65.93,265.223602,193.880005,241.11999500000002,85.25,101.879997,413.899994,127.379997,165.699997,76.529999,141.690002,78.139999,54.119999,585.3900150000001,39.869999,104.010002,35.599998,75.239998,81.550003,327.690002,96.480003,160.333267,207.330002,123.029999,215.210007,121.089996,166.100006,204.610001,52.567898,111.133583,82.059998
2018-03-23,66.059998,97.459999,84.029999,59.5,168.110001,159.479996,250.919998,110.790001,169.429993,215.63000499999998,64.290001,210.600006,260.130005,62.060001,26.299999,61.709998999999996,84.980003,56.509997999999996,164.0,101.470001,218.74000499999997,99.779999,95.782158,65.0,70.160004,37.91,135.320007,72.839996,98.779999,37.259997999999996,64.589996,261.111298,190.309998,235.36000099999998,83.059998,99.720001,399.149994,125.099998,162.490005,74.760002,139.03999299999998,76.550003,53.41,566.869995,38.869999,103.0,34.490002000000004,73.959999,80.370003,321.290009,95.470001,157.102875,204.649994,121.16999799999999,212.55000299999998,119.449997,160.929993,199.509995,50.621307,107.202301,80.599998
2018-03-26,68.199997,95.279999,84.949997,61.07,170.75,160.199997,261.519989,111.550003,175.190002,221.080002,65.489998,215.25,268.200012,63.400002,27.25,62.099998,87.16999799999999,57.77,168.679993,101.699997,226.83999599999999,100.41999799999999,97.99850500000001,65.639999,71.699997,38.049999,140.279999,75.540001,97.980003,37.669998,65.540001,267.599152,197.300003,242.27999900000003,86.370003,101.660004,415.119995,127.389999,164.740005,76.18,139.28999299999998,78.459999,54.040001000000004,588.75,39.860001000000004,107.029999,35.040001000000004,76.279999,81.900002,330.709991,98.269997,159.924484,209.679993,120.230003,219.07000699999998,123.309998,166.100006,204.199997,51.010624,109.51716599999999,83.730003
2018-03-27,67.0,92.010002,84.010002,60.279999,168.360001,160.320007,248.30000299999998,108.33000200000001,171.149994,219.440002,64.870003,213.020004,265.160004,62.41,27.030001000000002,61.220001,85.809998,57.650002,165.53999299999998,101.139999,225.08999599999999,99.949997,97.089996,65.339996,70.370003,38.419998,138.110001,74.110001,97.43,37.630001,65.08000200000001,267.149994,190.899994,237.36999500000002,85.029999,100.059998,405.22000099999997,127.209999,162.729996,75.660004,138.75,78.160004,53.75,573.210022,39.529999,104.510002,35.009997999999996,75.519997,81.93,329.23999,97.279999,158.06999199999998,206.619995,120.440002,217.960007,121.839996,160.33999599999999,200.520004,49.942496999999996,108.239998,81.860001
2018-03-28,66.470001,96.224998,85.290001,59.584998999999996,169.479996,165.434998,245.16000400000001,110.639999,171.30209399999998,221.44999700000002,64.489998,213.544998,271.670013,62.830002,26.865,62.720001,88.529999,58.630001,168.800003,101.18,225.07000699999998,99.559998,97.379997,66.389999,70.07,38.389998999999996,137.479996,75.190002,97.970001,37.580002,66.16999799999999,267.714996,190.860001,236.82000699999998,84.620003,98.57,405.589996,128.328003,161.66499299999998,77.2071,141.274994,78.779999,54.889998999999996,571.52002,40.189999,105.150002,35.519901000000004,75.144997,83.379997,335.130005,96.620003,158.66000400000001,206.925995,121.75,219.190002,122.099998,160.300003,199.360001,50.299999,109.033699,81.224998
