,instrument_id,equity_fundamental_id,data_vendor_id,refreshed_at,Period,Metric,Value
0,70,5,2,2018-07-03 00:04:20,2017-12-31,Total Revenue,6177000
1,70,5,2,2018-07-03 00:04:20,2017-12-31,Cost of Revenue,3346000
2,70,5,2,2018-07-03 00:04:20,2017-12-31,Gross Profit,2831000
3,70,5,2,2018-07-03 00:04:20,2017-12-31,Research Development,-
4,70,5,2,2018-07-03 00:04:20,2017-12-31,Selling General and Administrative,-
5,70,5,2,2018-07-03 00:04:20,2017-12-31,Non Recurring,-
6,70,5,2,2018-07-03 00:04:20,2017-12-31,Others,477000
7,70,5,2,2018-07-03 00:04:20,2017-12-31,Total Operating Expenses,4719000
8,70,5,2,2018-07-03 00:04:20,2017-12-31,Operating Income or Loss,1458000
9,70,5,2,2018-07-03 00:04:20,2017-12-31,Total Other Income/Expenses Net,-353000
10,70,5,2,2018-07-03 00:04:20,2017-12-31,Earnings Before Interest and Taxes,1458000
11,70,5,2,2018-07-03 00:04:20,2017-12-31,Interest Expense,-391000
12,70,5,2,2018-07-03 00:04:20,2017-12-31,Income Before Tax,1105000
13,70,5,2,2018-07-03 00:04:20,2017-12-31,Income Tax Expense,576000
14,70,5,2,2018-07-03 00:04:20,2017-12-31,Minority Interest,142000
15,70,5,2,2018-07-03 00:04:20,2017-12-31,Net Income From Continuing Ops,529000
16,70,5,2,2018-07-03 00:04:20,2017-12-31,Discontinued Operations,-
17,70,5,2,2018-07-03 00:04:20,2017-12-31,Extraordinary Items,-
18,70,5,2,2018-07-03 00:04:20,2017-12-31,Effect Of Accounting Changes,-
19,70,5,2,2018-07-03 00:04:20,2017-12-31,Other Items,-
20,70,5,2,2018-07-03 00:04:20,2017-12-31,Net Income,523000
21,70,5,2,2018-07-03 00:04:20,2017-12-31,Preferred Stock And Other Adjustments,-
22,70,5,2,2018-07-03 00:04:20,2017-12-31,Net Income Applicable To Common Shares,523000
23,70,5,2,2018-07-03 00:04:20,2016-12-31,Total Revenue,5868000
24,70,5,2,2018-07-03 00:04:20,2016-12-31,Cost of Revenue,3175000
25,70,5,2,2018-07-03 00:04:20,2016-12-31,Gross Profit,2693000
26,70,5,2,2018-07-03 00:04:20,2016-12-31,Research Development,-
27,70,5,2,2018-07-03 00:04:20,2016-12-31,Selling General and Administrative,-
28,70,5,2,2018-07-03 00:04:20,2016-12-31,Non Recurring,-
29,70,5,2,2018-07-03 00:04:20,2016-12-31,Others,467000
30,70,5,2,2018-07-03 00:04:20,2016-12-31,Total Operating Expenses,4487000
31,70,5,2,2018-07-03 00:04:20,2016-12-31,Operating Income or Loss,1381000
32,70,5,2,2018-07-03 00:04:20,2016-12-31,Total Other Income/Expenses Net,-340000
33,70,5,2,2018-07-03 00:04:20,2016-12-31,Earnings Before Interest and Taxes,1381000
34,70,5,2,2018-07-03 00:04:20,2016-12-31,Interest Expense,-382000
35,70,5,2,2018-07-03 00:04:20,2016-12-31,Income Before Tax,1041000
36,70,5,2,2018-07-03 00:04:20,2016-12-31,Income Tax Expense,382000
37,70,5,2,2018-07-03 00:04:20,2016-12-31,Minority Interest,142000
38,70,5,2,2018-07-03 00:04:20,2016-12-31,Net Income From Continuing Ops,659000
39,70,5,2,2018-07-03 00:04:20,2016-12-31,Discontinued Operations,-
40,70,5,2,2018-07-03 00:04:20,2016-12-31,Extraordinary Items,-
41,70,5,2,2018-07-03 00:04:20,2016-12-31,Effect Of Accounting Changes,-
42,70,5,2,2018-07-03 00:04:20,2016-12-31,Other Items,-
43,70,5,2,2018-07-03 00:04:20,2016-12-31,Net Income,653000
44,70,5,2,2018-07-03 00:04:20,2016-12-31,Preferred Stock And Other Adjustments,-
45,70,5,2,2018-07-03 00:04:20,2016-12-31,Net Income Applicable To Common Shares,653000
46,70,5,2,2018-07-03 00:04:20,2015-12-31,Total Revenue,5885000
47,70,5,2,2018-07-03 00:04:20,2015-12-31,Cost of Revenue,3288000
48,70,5,2,2018-07-03 00:04:20,2015-12-31,Gross Profit,2597000
49,70,5,2,2018-07-03 00:04:20,2015-12-31,Research Development,-
50,70,5,2,2018-07-03 00:04:20,2015-12-31,Selling General and Administrative,-
51,70,5,2,2018-07-03 00:04:20,2015-12-31,Non Recurring,-
52,70,5,2,2018-07-03 00:04:20,2015-12-31,Others,473000
53,70,5,2,2018-07-03 00:04:20,2015-12-31,Total Operating Expenses,4557000
54,70,5,2,2018-07-03 00:04:20,2015-12-31,Operating Income or Loss,1328000
55,70,5,2,2018-07-03 00:04:20,2015-12-31,Total Other Income/Expenses Net,-380000
56,70,5,2,2018-07-03 00:04:20,2015-12-31,Earnings Before Interest and Taxes,1328000
57,70,5,2,2018-07-03 00:04:20,2015-12-31,Interest Expense,-355000
58,70,5,2,2018-07-03 00:04:20,2015-12-31,Income Before Tax,948000
59,70,5,2,2018-07-03 00:04:20,2015-12-31,Income Tax Expense,363000
60,70,5,2,2018-07-03 00:04:20,2015-12-31,Minority Interest,142000
61,70,5,2,2018-07-03 00:04:20,2015-12-31,Net Income From Continuing Ops,585000
62,70,5,2,2018-07-03 00:04:20,2015-12-31,Discontinued Operations,51000
63,70,5,2,2018-07-03 00:04:20,2015-12-31,Extraordinary Items,-
64,70,5,2,2018-07-03 00:04:20,2015-12-31,Effect Of Accounting Changes,-
65,70,5,2,2018-07-03 00:04:20,2015-12-31,Other Items,-
66,70,5,2,2018-07-03 00:04:20,2015-12-31,Net Income,630000
67,70,5,2,2018-07-03 00:04:20,2015-12-31,Preferred Stock And Other Adjustments,-
68,70,5,2,2018-07-03 00:04:20,2015-12-31,Net Income Applicable To Common Shares,630000
69,70,5,2,2018-07-03 00:04:20,2014-12-31,Total Revenue,5838000
70,70,5,2,2018-07-03 00:04:20,2014-12-31,Cost of Revenue,3371000
71,70,5,2,2018-07-03 00:04:20,2014-12-31,Gross Profit,2467000
72,70,5,2,2018-07-03 00:04:20,2014-12-31,Research Development,-
73,70,5,2,2018-07-03 00:04:20,2014-12-31,Selling General and Administrative,-
74,70,5,2,2018-07-03 00:04:20,2014-12-31,Non Recurring,-
75,70,5,2,2018-07-03 00:04:20,2014-12-31,Others,468000
76,70,5,2,2018-07-03 00:04:20,2014-12-31,Total Operating Expenses,4584000
77,70,5,2,2018-07-03 00:04:20,2014-12-31,Operating Income or Loss,1254000
78,70,5,2,2018-07-03 00:04:20,2014-12-31,Total Other Income/Expenses Net,-284000
79,70,5,2,2018-07-03 00:04:20,2014-12-31,Earnings Before Interest and Taxes,1254000
80,70,5,2,2018-07-03 00:04:20,2014-12-31,Interest Expense,-341000
81,70,5,2,2018-07-03 00:04:20,2014-12-31,Income Before Tax,970000
82,70,5,2,2018-07-03 00:04:20,2014-12-31,Income Tax Expense,377000
83,70,5,2,2018-07-03 00:04:20,2014-12-31,Minority Interest,142000
84,70,5,2,2018-07-03 00:04:20,2014-12-31,Net Income From Continuing Ops,593000
85,70,5,2,2018-07-03 00:04:20,2014-12-31,Discontinued Operations,-1000
86,70,5,2,2018-07-03 00:04:20,2014-12-31,Extraordinary Items,-
87,70,5,2,2018-07-03 00:04:20,2014-12-31,Effect Of Accounting Changes,-
88,70,5,2,2018-07-03 00:04:20,2014-12-31,Other Items,-
89,70,5,2,2018-07-03 00:04:20,2014-12-31,Net Income,586000
90,70,5,2,2018-07-03 00:04:20,2014-12-31,Preferred Stock And Other Adjustments,-
91,70,5,2,2018-07-03 00:04:20,2014-12-31,Net Income Applicable To Common Shares,586000
0,70,6,2,2018-07-03 00:04:20,2017-12-31,Cash And Cash Equivalents,10000
1,70,6,2,2018-07-03 00:04:20,2017-12-31,Short Term Investments,-
2,70,6,2,2018-07-03 00:04:20,2017-12-31,Net Receivables,838000
3,70,6,2,2018-07-03 00:04:20,2017-12-31,Inventory,522000
4,70,6,2,2018-07-03 00:04:20,2017-12-31,Other Current Assets,242000
5,70,6,2,2018-07-03 00:04:20,2017-12-31,Total Current Assets,1612000
6,70,6,2,2018-07-03 00:04:20,2017-12-31,Long Term Investments,-
7,70,6,2,2018-07-03 00:04:20,2017-12-31,Property Plant and Equipment,21466000
8,70,6,2,2018-07-03 00:04:20,2017-12-31,Goodwill,411000
9,70,6,2,2018-07-03 00:04:20,2017-12-31,Intangible Assets,-
10,70,6,2,2018-07-03 00:04:20,2017-12-31,Accumulated Amortization,-
11,70,6,2,2018-07-03 00:04:20,2017-12-31,Other Assets,2456000
12,70,6,2,2018-07-03 00:04:20,2017-12-31,Deferred Long Term Asset Charges,-
13,70,6,2,2018-07-03 00:04:20,2017-12-31,Total Assets,25945000
14,70,6,2,2018-07-03 00:04:20,2017-12-31,Accounts Payable,902000
15,70,6,2,2018-07-03 00:04:20,2017-12-31,Short/Current Long Term Debt,8419000
16,70,6,2,2018-07-03 00:04:20,2017-12-31,Other Current Liabilities,614000
17,70,6,2,2018-07-03 00:04:20,2017-12-31,Total Current Liabilities,2940000
18,70,6,2,2018-07-03 00:04:20,2017-12-31,Long Term Debt,7094000
19,70,6,2,2018-07-03 00:04:20,2017-12-31,Other Liabilities,8585000
20,70,6,2,2018-07-03 00:04:20,2017-12-31,Deferred Long Term Liability Charges,1230000
21,70,6,2,2018-07-03 00:04:20,2017-12-31,Minority Interest,142000
22,70,6,2,2018-07-03 00:04:20,2017-12-31,Negative Goodwill,-
23,70,6,2,2018-07-03 00:04:20,2017-12-31,Total Liabilities,18619000
24,70,6,2,2018-07-03 00:04:20,2017-12-31,Misc. Stocks Options Warrants,-
25,70,6,2,2018-07-03 00:04:20,2017-12-31,Redeemable Preferred Stock,-
26,70,6,2,2018-07-03 00:04:20,2017-12-31,Preferred Stock,-
27,70,6,2,2018-07-03 00:04:20,2017-12-31,Common Stock,2000
28,70,6,2,2018-07-03 00:04:20,2017-12-31,Retained Earnings,1660000
29,70,6,2,2018-07-03 00:04:20,2017-12-31,Treasury Stock,-18000
30,70,6,2,2018-07-03 00:04:20,2017-12-31,Capital Surplus,5540000
31,70,6,2,2018-07-03 00:04:20,2017-12-31,Other Stockholder Equity,-18000
32,70,6,2,2018-07-03 00:04:20,2017-12-31,Total Stockholder Equity,7184000
33,70,6,2,2018-07-03 00:04:20,2017-12-31,Net Tangible Assets,6773000
34,70,6,2,2018-07-03 00:04:20,2016-12-31,Cash And Cash Equivalents,9000
35,70,6,2,2018-07-03 00:04:20,2016-12-31,Short Term Investments,-
36,70,6,2,2018-07-03 00:04:20,2016-12-31,Net Receivables,795000
37,70,6,2,2018-07-03 00:04:20,2016-12-31,Inventory,527000
38,70,6,2,2018-07-03 00:04:20,2016-12-31,Other Current Assets,262000
39,70,6,2,2018-07-03 00:04:20,2016-12-31,Total Current Assets,1593000
40,70,6,2,2018-07-03 00:04:20,2016-12-31,Long Term Investments,-
41,70,6,2,2018-07-03 00:04:20,2016-12-31,Property Plant and Equipment,20113000
42,70,6,2,2018-07-03 00:04:20,2016-12-31,Goodwill,411000
43,70,6,2,2018-07-03 00:04:20,2016-12-31,Intangible Assets,-
44,70,6,2,2018-07-03 00:04:20,2016-12-31,Accumulated Amortization,-
45,70,6,2,2018-07-03 00:04:20,2016-12-31,Other Assets,2582000
46,70,6,2,2018-07-03 00:04:20,2016-12-31,Deferred Long Term Asset Charges,-
47,70,6,2,2018-07-03 00:04:20,2016-12-31,Total Assets,24699000
48,70,6,2,2018-07-03 00:04:20,2016-12-31,Accounts Payable,805000
49,70,6,2,2018-07-03 00:04:20,2016-12-31,Short/Current Long Term Debt,7834000
50,70,6,2,2018-07-03 00:04:20,2016-12-31,Other Current Liabilities,532000
51,70,6,2,2018-07-03 00:04:20,2016-12-31,Total Current Liabilities,2674000
52,70,6,2,2018-07-03 00:04:20,2016-12-31,Long Term Debt,6319000
53,70,6,2,2018-07-03 00:04:20,2016-12-31,Other Liabilities,8185000
54,70,6,2,2018-07-03 00:04:20,2016-12-31,Deferred Long Term Liability Charges,1437000
55,70,6,2,2018-07-03 00:04:20,2016-12-31,Minority Interest,142000
56,70,6,2,2018-07-03 00:04:20,2016-12-31,Negative Goodwill,-
57,70,6,2,2018-07-03 00:04:20,2016-12-31,Total Liabilities,17454000
58,70,6,2,2018-07-03 00:04:20,2016-12-31,Misc. Stocks Options Warrants,-
59,70,6,2,2018-07-03 00:04:20,2016-12-31,Redeemable Preferred Stock,-
60,70,6,2,2018-07-03 00:04:20,2016-12-31,Preferred Stock,-
61,70,6,2,2018-07-03 00:04:20,2016-12-31,Common Stock,2000
62,70,6,2,2018-07-03 00:04:20,2016-12-31,Retained Earnings,1568000
63,70,6,2,2018-07-03 00:04:20,2016-12-31,Treasury Stock,-23000
64,70,6,2,2018-07-03 00:04:20,2016-12-31,Capital Surplus,5556000
65,70,6,2,2018-07-03 00:04:20,2016-12-31,Other Stockholder Equity,-23000
66,70,6,2,2018-07-03 00:04:20,2016-12-31,Total Stockholder Equity,7103000
67,70,6,2,2018-07-03 00:04:20,2016-12-31,Net Tangible Assets,6692000
68,70,6,2,2018-07-03 00:04:20,2015-12-31,Cash And Cash Equivalents,292000
69,70,6,2,2018-07-03 00:04:20,2015-12-31,Short Term Investments,-
70,70,6,2,2018-07-03 00:04:20,2015-12-31,Net Receivables,725000
71,70,6,2,2018-07-03 00:04:20,2015-12-31,Inventory,538000
72,70,6,2,2018-07-03 00:04:20,2015-12-31,Other Current Assets,362000
73,70,6,2,2018-07-03 00:04:20,2015-12-31,Total Current Assets,1917000
74,70,6,2,2018-07-03 00:04:20,2015-12-31,Long Term Investments,-
75,70,6,2,2018-07-03 00:04:20,2015-12-31,Property Plant and Equipment,18799000
76,70,6,2,2018-07-03 00:04:20,2015-12-31,Goodwill,411000
77,70,6,2,2018-07-03 00:04:20,2015-12-31,Intangible Assets,-
78,70,6,2,2018-07-03 00:04:20,2015-12-31,Accumulated Amortization,-
79,70,6,2,2018-07-03 00:04:20,2015-12-31,Other Assets,2513000
80,70,6,2,2018-07-03 00:04:20,2015-12-31,Deferred Long Term Asset Charges,-
81,70,6,2,2018-07-03 00:04:20,2015-12-31,Total Assets,23640000
82,70,6,2,2018-07-03 00:04:20,2015-12-31,Accounts Payable,777000
83,70,6,2,2018-07-03 00:04:20,2015-12-31,Short/Current Long Term Debt,7576000
84,70,6,2,2018-07-03 00:04:20,2015-12-31,Other Current Liabilities,526000
85,70,6,2,2018-07-03 00:04:20,2015-12-31,Total Current Liabilities,2093000
86,70,6,2,2018-07-03 00:04:20,2015-12-31,Long Term Debt,6880000
87,70,6,2,2018-07-03 00:04:20,2015-12-31,Other Liabilities,7579000
88,70,6,2,2018-07-03 00:04:20,2015-12-31,Deferred Long Term Liability Charges,1382000
89,70,6,2,2018-07-03 00:04:20,2015-12-31,Minority Interest,142000
90,70,6,2,2018-07-03 00:04:20,2015-12-31,Negative Goodwill,-
91,70,6,2,2018-07-03 00:04:20,2015-12-31,Total Liabilities,16552000
92,70,6,2,2018-07-03 00:04:20,2015-12-31,Misc. Stocks Options Warrants,-
93,70,6,2,2018-07-03 00:04:20,2015-12-31,Redeemable Preferred Stock,-
94,70,6,2,2018-07-03 00:04:20,2015-12-31,Preferred Stock,-
95,70,6,2,2018-07-03 00:04:20,2015-12-31,Common Stock,2000
96,70,6,2,2018-07-03 00:04:20,2015-12-31,Retained Earnings,1331000
97,70,6,2,2018-07-03 00:04:20,2015-12-31,Treasury Stock,-3000
98,70,6,2,2018-07-03 00:04:20,2015-12-31,Capital Surplus,5616000
99,70,6,2,2018-07-03 00:04:20,2015-12-31,Other Stockholder Equity,-3000
100,70,6,2,2018-07-03 00:04:20,2015-12-31,Total Stockholder Equity,6946000
101,70,6,2,2018-07-03 00:04:20,2015-12-31,Net Tangible Assets,6535000
102,70,6,2,2018-07-03 00:04:20,2014-12-31,Cash And Cash Equivalents,5000
103,70,6,2,2018-07-03 00:04:20,2014-12-31,Short Term Investments,-
104,70,6,2,2018-07-03 00:04:20,2014-12-31,Net Receivables,769000
105,70,6,2,2018-07-03 00:04:20,2014-12-31,Inventory,524000
106,70,6,2,2018-07-03 00:04:20,2014-12-31,Other Current Assets,396000
107,70,6,2,2018-07-03 00:04:20,2014-12-31,Total Current Assets,1694000
108,70,6,2,2018-07-03 00:04:20,2014-12-31,Long Term Investments,-
109,70,6,2,2018-07-03 00:04:20,2014-12-31,Property Plant and Equipment,17424000
110,70,6,2,2018-07-03 00:04:20,2014-12-31,Goodwill,411000
111,70,6,2,2018-07-03 00:04:20,2014-12-31,Intangible Assets,-
112,70,6,2,2018-07-03 00:04:20,2014-12-31,Accumulated Amortization,-
113,70,6,2,2018-07-03 00:04:20,2014-12-31,Other Assets,2760000
114,70,6,2,2018-07-03 00:04:20,2014-12-31,Deferred Long Term Asset Charges,-
115,70,6,2,2018-07-03 00:04:20,2014-12-31,Total Assets,22289000
116,70,6,2,2018-07-03 00:04:20,2014-12-31,Accounts Payable,711000
117,70,6,2,2018-07-03 00:04:20,2014-12-31,Short/Current Long Term Debt,6919000
118,70,6,2,2018-07-03 00:04:20,2014-12-31,Other Current Liabilities,614000
119,70,6,2,2018-07-03 00:04:20,2014-12-31,Total Current Liabilities,2249000
120,70,6,2,2018-07-03 00:04:20,2014-12-31,Long Term Debt,6085000
121,70,6,2,2018-07-03 00:04:20,2014-12-31,Other Liabilities,7100000
122,70,6,2,2018-07-03 00:04:20,2014-12-31,Deferred Long Term Liability Charges,1582000
123,70,6,2,2018-07-03 00:04:20,2014-12-31,Minority Interest,142000
124,70,6,2,2018-07-03 00:04:20,2014-12-31,Negative Goodwill,-
125,70,6,2,2018-07-03 00:04:20,2014-12-31,Total Liabilities,15434000
126,70,6,2,2018-07-03 00:04:20,2014-12-31,Misc. Stocks Options Warrants,-
127,70,6,2,2018-07-03 00:04:20,2014-12-31,Redeemable Preferred Stock,-
128,70,6,2,2018-07-03 00:04:20,2014-12-31,Preferred Stock,-
129,70,6,2,2018-07-03 00:04:20,2014-12-31,Common Stock,2000
130,70,6,2,2018-07-03 00:04:20,2014-12-31,Retained Earnings,1103000
131,70,6,2,2018-07-03 00:04:20,2014-12-31,Treasury Stock,-9000
132,70,6,2,2018-07-03 00:04:20,2014-12-31,Capital Surplus,5617000
133,70,6,2,2018-07-03 00:04:20,2014-12-31,Other Stockholder Equity,-9000
134,70,6,2,2018-07-03 00:04:20,2014-12-31,Total Stockholder Equity,6713000
135,70,6,2,2018-07-03 00:04:20,2014-12-31,Net Tangible Assets,6302000
0,70,7,2,2018-07-03 00:04:20,2017-12-31,Net Income,523000
1,70,7,2,2018-07-03 00:04:20,2017-12-31,Depreciation,952000
2,70,7,2,2018-07-03 00:04:20,2017-12-31,Adjustments To Net Income,528000
3,70,7,2,2018-07-03 00:04:20,2017-12-31,Changes In Accounts Receivables,-
4,70,7,2,2018-07-03 00:04:20,2017-12-31,Changes In Liabilities,-
5,70,7,2,2018-07-03 00:04:20,2017-12-31,Changes In Inventories,-
6,70,7,2,2018-07-03 00:04:20,2017-12-31,Changes In Other Operating Activities,79000
7,70,7,2,2018-07-03 00:04:20,2017-12-31,Total Cash Flow From Operating Activities,2104000
8,70,7,2,2018-07-03 00:04:20,2017-12-31,Capital Expenditures,-2195000
9,70,7,2,2018-07-03 00:04:20,2017-12-31,Investments,-
10,70,7,2,2018-07-03 00:04:20,2017-12-31,Other Cash flows from Investing Activities,-10000
11,70,7,2,2018-07-03 00:04:20,2017-12-31,Total Cash Flows From Investing Activities,-2205000
12,70,7,2,2018-07-03 00:04:20,2017-12-31,Dividends Paid,-431000
13,70,7,2,2018-07-03 00:04:20,2017-12-31,Sale Purchase of Stock,-
14,70,7,2,2018-07-03 00:04:20,2017-12-31,Net Borrowings,590000
15,70,7,2,2018-07-03 00:04:20,2017-12-31,Other Cash Flows from Financing Activities,-57000
16,70,7,2,2018-07-03 00:04:20,2017-12-31,Total Cash Flows From Financing Activities,102000
17,70,7,2,2018-07-03 00:04:20,2017-12-31,Effect Of Exchange Rate Changes,-
18,70,7,2,2018-07-03 00:04:20,2017-12-31,Change In Cash and Cash Equivalents,1000
19,70,7,2,2018-07-03 00:04:20,2016-12-31,Net Income,653000
20,70,7,2,2018-07-03 00:04:20,2016-12-31,Depreciation,923000
21,70,7,2,2018-07-03 00:04:20,2016-12-31,Adjustments To Net Income,385000
22,70,7,2,2018-07-03 00:04:20,2016-12-31,Changes In Accounts Receivables,-71000
23,70,7,2,2018-07-03 00:04:20,2016-12-31,Changes In Liabilities,19000
24,70,7,2,2018-07-03 00:04:20,2016-12-31,Changes In Inventories,11000
25,70,7,2,2018-07-03 00:04:20,2016-12-31,Changes In Other Operating Activities,168000
26,70,7,2,2018-07-03 00:04:20,2016-12-31,Total Cash Flow From Operating Activities,2123000
27,70,7,2,2018-07-03 00:04:20,2016-12-31,Capital Expenditures,-2131000
28,70,7,2,2018-07-03 00:04:20,2016-12-31,Investments,-
29,70,7,2,2018-07-03 00:04:20,2016-12-31,Other Cash flows from Investing Activities,-10000
30,70,7,2,2018-07-03 00:04:20,2016-12-31,Total Cash Flows From Investing Activities,-2141000
31,70,7,2,2018-07-03 00:04:20,2016-12-31,Dividends Paid,-416000
32,70,7,2,2018-07-03 00:04:20,2016-12-31,Sale Purchase of Stock,-
33,70,7,2,2018-07-03 00:04:20,2016-12-31,Net Borrowings,251000
34,70,7,2,2018-07-03 00:04:20,2016-12-31,Other Cash Flows from Financing Activities,-100000
35,70,7,2,2018-07-03 00:04:20,2016-12-31,Total Cash Flows From Financing Activities,-265000
36,70,7,2,2018-07-03 00:04:20,2016-12-31,Effect Of Exchange Rate Changes,-
37,70,7,2,2018-07-03 00:04:20,2016-12-31,Change In Cash and Cash Equivalents,-283000
38,70,7,2,2018-07-03 00:04:20,2015-12-31,Net Income,630000
39,70,7,2,2018-07-03 00:04:20,2015-12-31,Depreciation,874000
40,70,7,2,2018-07-03 00:04:20,2015-12-31,Adjustments To Net Income,373000
41,70,7,2,2018-07-03 00:04:20,2015-12-31,Changes In Accounts Receivables,83000
42,70,7,2,2018-07-03 00:04:20,2015-12-31,Changes In Liabilities,-2000
43,70,7,2,2018-07-03 00:04:20,2015-12-31,Changes In Inventories,-14000
44,70,7,2,2018-07-03 00:04:20,2015-12-31,Changes In Other Operating Activities,87000
45,70,7,2,2018-07-03 00:04:20,2015-12-31,Total Cash Flow From Operating Activities,2031000
46,70,7,2,2018-07-03 00:04:20,2015-12-31,Capital Expenditures,-1969000
47,70,7,2,2018-07-03 00:04:20,2015-12-31,Investments,-
48,70,7,2,2018-07-03 00:04:20,2015-12-31,Other Cash flows from Investing Activities,-7000
49,70,7,2,2018-07-03 00:04:20,2015-12-31,Total Cash Flows From Investing Activities,-1976000
50,70,7,2,2018-07-03 00:04:20,2015-12-31,Dividends Paid,-402000
51,70,7,2,2018-07-03 00:04:20,2015-12-31,Sale Purchase of Stock,-
52,70,7,2,2018-07-03 00:04:20,2015-12-31,Net Borrowings,664000
53,70,7,2,2018-07-03 00:04:20,2015-12-31,Other Cash Flows from Financing Activities,-30000
54,70,7,2,2018-07-03 00:04:20,2015-12-31,Total Cash Flows From Financing Activities,232000
55,70,7,2,2018-07-03 00:04:20,2015-12-31,Effect Of Exchange Rate Changes,-
56,70,7,2,2018-07-03 00:04:20,2015-12-31,Change In Cash and Cash Equivalents,287000
57,70,7,2,2018-07-03 00:04:20,2014-12-31,Net Income,586000
58,70,7,2,2018-07-03 00:04:20,2014-12-31,Depreciation,791000
59,70,7,2,2018-07-03 00:04:20,2014-12-31,Adjustments To Net Income,419000
60,70,7,2,2018-07-03 00:04:20,2014-12-31,Changes In Accounts Receivables,31000
61,70,7,2,2018-07-03 00:04:20,2014-12-31,Changes In Liabilities,10000
62,70,7,2,2018-07-03 00:04:20,2014-12-31,Changes In Inventories,3000
63,70,7,2,2018-07-03 00:04:20,2014-12-31,Changes In Other Operating Activities,-253000
64,70,7,2,2018-07-03 00:04:20,2014-12-31,Total Cash Flow From Operating Activities,1565000
65,70,7,2,2018-07-03 00:04:20,2014-12-31,Capital Expenditures,-1859000
66,70,7,2,2018-07-03 00:04:20,2014-12-31,Investments,-
67,70,7,2,2018-07-03 00:04:20,2014-12-31,Other Cash flows from Investing Activities,142000
68,70,7,2,2018-07-03 00:04:20,2014-12-31,Total Cash Flows From Investing Activities,-1717000
69,70,7,2,2018-07-03 00:04:20,2014-12-31,Dividends Paid,-390000
70,70,7,2,2018-07-03 00:04:20,2014-12-31,Sale Purchase of Stock,-
71,70,7,2,2018-07-03 00:04:20,2014-12-31,Net Borrowings,547000
72,70,7,2,2018-07-03 00:04:20,2014-12-31,Other Cash Flows from Financing Activities,-30000
73,70,7,2,2018-07-03 00:04:20,2014-12-31,Total Cash Flows From Financing Activities,127000
74,70,7,2,2018-07-03 00:04:20,2014-12-31,Effect Of Exchange Rate Changes,-
75,70,7,2,2018-07-03 00:04:20,2014-12-31,Change In Cash and Cash Equivalents,-25000
